FULL_CODE,PAR_CODE,PAR_NAME,DUN_CODE,DUN_NAME,DM_CODE,DM_NAME,POPULATION
092/01/01,092,SABAK BERNAM,01,SUNGAI AIR TAWAR,01,PARIT BAHARU BARUH,708
092/01/02,092,SABAK BERNAM,01,SUNGAI AIR TAWAR,02,SUNGAI TENGAR UTARA,662
092/01/03,092,SABAK BERNAM,01,SUNGAI AIR TAWAR,03,SUNGAI AIR TAWAR,1959
092/01/04,092,SABAK BERNAM,01,SUNGAI AIR TAWAR,04,SUNGAI BERNAM,449
092/01/05,092,SABAK BERNAM,01,SUNGAI AIR TAWAR,05,SUNGAI AIR TAWAR SELATAN,1117
092/01/06,092,SABAK BERNAM,01,SUNGAI AIR TAWAR,06,SUNGAI TENGAR SELATAN,790
092/01/07,092,SABAK BERNAM,01,SUNGAI AIR TAWAR,07,KAMPUNG PARIT BAHARU,1455
092/01/08,092,SABAK BERNAM,01,SUNGAI AIR TAWAR,08,KAMPUNG TELUK BELANGA,138
092/01/09,092,SABAK BERNAM,01,SUNGAI AIR TAWAR,09,BETING KEPAH,766
092/01/10,092,SABAK BERNAM,01,SUNGAI AIR TAWAR,10,KAMPUNG TELUK RHU,596
092/01/11,092,SABAK BERNAM,01,SUNGAI AIR TAWAR,11,SIMPANG EMPAT,1876
092/01/12,092,SABAK BERNAM,01,SUNGAI AIR TAWAR,12,KAMPUNG SEKENDI,1394
092/01/13,092,SABAK BERNAM,01,SUNGAI AIR TAWAR,13,KAMPUNG BANTING,1176
092/01/14,092,SABAK BERNAM,01,SUNGAI AIR TAWAR,14,KAMPUNG BATU 38 BARUH,1097
092/01/15,092,SABAK BERNAM,01,SUNGAI AIR TAWAR,15,KAMPUNG BAHARU,850
092/02/01,092,SABAK BERNAM,02,SABAK,01,SABAK BERNAM BARAT,1950
092/02/02,092,SABAK BERNAM,02,SABAK,02,KAMPUNG AIR MANIS,1410
092/02/03,092,SABAK BERNAM,02,SABAK,03,KAMPUNG SERI AMAN,1723
092/02/04,092,SABAK BERNAM,02,SABAK,04,TEBUK PULAI,1113
092/02/05,092,SABAK BERNAM,02,SABAK,05,TORKINGTON,309
092/02/06,092,SABAK BERNAM,02,SABAK,06,SABAK BERNAM TIMUR,3802
092/02/07,092,SABAK BERNAM,02,SABAK,07,BAGAN NIRA,841
092/02/08,092,SABAK BERNAM,02,SABAK,08,KAMPUNG SAPINTAS,1147
092/02/09,092,SABAK BERNAM,02,SABAK,09,KAMPUNG BAGAN TERAP,1483
092/02/10,092,SABAK BERNAM,02,SABAK,10,BAGAN TERAP PARIT SEMBILAN,1153
092/02/11,092,SABAK BERNAM,02,SABAK,11,TEBUK KENCHONG,1167
092/02/12,092,SABAK BERNAM,02,SABAK,12,PARIT ENAM,1148
092/02/13,092,SABAK BERNAM,02,SABAK,13,PARIT DUA TIMUR,747
092/02/14,092,SABAK BERNAM,02,SABAK,14,PARIT TIGA & EMPAT,1143
092/02/15,092,SABAK BERNAM,02,SABAK,15,PARIT SATU BARAT,987
092/02/16,092,SABAK BERNAM,02,SABAK,16,SUNGAI LIAS,1144
092/02/17,092,SABAK BERNAM,02,SABAK,17,BATU 4 SAPINTAS,826
093/03/01,093,SUNGAI BESAR,03,SUNGAI PANJANG,01,PARIT 16 - BELIA 2,1664
093/03/02,093,SUNGAI BESAR,03,SUNGAI PANJANG,02,PARIT 13 - 15 SUNGAI PANJANG,1882
093/03/03,093,SUNGAI BESAR,03,SUNGAI PANJANG,03,PARIT 6 - 12 SUNGAI PANJANG,1311
093/03/04,093,SUNGAI BESAR,03,SUNGAI PANJANG,04,PARIT 2 - 5 SUNGAI PANJANG,948
093/03/05,093,SUNGAI BESAR,03,SUNGAI PANJANG,05,PEKAN SUNGAI BESAR,2642
093/03/06,093,SUNGAI BESAR,03,SUNGAI PANJANG,06,BAGAN SUNGAI BESAR,1566
093/03/07,093,SUNGAI BESAR,03,SUNGAI PANJANG,07,PARIT SATU TIMUR,640
093/03/08,093,SUNGAI BESAR,03,SUNGAI PANJANG,08,SUNGAI LIMAU,1269
093/03/09,093,SUNGAI BESAR,03,SUNGAI PANJANG,09,SUNGAI HAJI DORANI,2176
093/03/10,093,SUNGAI BESAR,03,SUNGAI PANJANG,10,PEKET ENAM PULUH,1070
093/03/11,093,SUNGAI BESAR,03,SUNGAI PANJANG,11,SIMPANG LIMA,1181
093/03/12,093,SUNGAI BESAR,03,SUNGAI PANJANG,12,PARIT 13 SUNGAI NIPAH,939
093/03/13,093,SUNGAI BESAR,03,SUNGAI PANJANG,13,SUNGAI NIPAH,653
093/03/14,093,SUNGAI BESAR,03,SUNGAI PANJANG,14,SUNGAI NIBONG,1289
093/03/15,093,SUNGAI BESAR,03,SUNGAI PANJANG,15,PASIR PANJANG TENGAH,1869
093/03/16,093,SUNGAI BESAR,03,SUNGAI PANJANG,16,PASIR PANJANG SELATAN,1317
093/03/17,093,SUNGAI BESAR,03,SUNGAI PANJANG,17,TAMAN BERKAT,1351
093/03/18,093,SUNGAI BESAR,03,SUNGAI PANJANG,18,PARIT 6 - 12 TIMUR,299
093/03/19,093,SUNGAI BESAR,03,SUNGAI PANJANG,19,KAMPUNG BAHARU NELAYAN,2659
093/04/01,093,SUNGAI BESAR,04,SEKINCHAN,01,SUNGAI LEMAN BENDANG UTARA,379
093/04/02,093,SUNGAI BESAR,04,SEKINCHAN,02,SUNGAI LEMAN BENDANG TENGAH,1011
093/04/03,093,SUNGAI BESAR,04,SEKINCHAN,03,SUNGAI LEMAN BENDANG SELATAN,297
093/04/04,093,SUNGAI BESAR,04,SEKINCHAN,04,SUNGAI LEMAN KAMPUNG DARAT,2089
093/04/05,093,SUNGAI BESAR,04,SEKINCHAN,05,SUNGAI LEMAN KAMPUNG LAUT,592
093/04/06,093,SUNGAI BESAR,04,SEKINCHAN,06,SEKINCHAN SELATAN,1401
093/04/07,093,SUNGAI BESAR,04,SEKINCHAN,07,SEKINCHAN TEMPATAN SELATAN,1384
093/04/08,093,SUNGAI BESAR,04,SEKINCHAN,08,SEKINCHAN TEMPATAN TENGAH,2760
093/04/09,093,SUNGAI BESAR,04,SEKINCHAN,09,SEKINCHAN TEMPATAN (SITE B),2529
093/04/10,093,SUNGAI BESAR,04,SEKINCHAN,10,KIAN SIT,1376
093/04/11,093,SUNGAI BESAR,04,SEKINCHAN,11,SEKINCHAN,2290
094/05/01,094,HULU SELANGOR,05,HULU BERNAM,01,KAWASAN S.K.C,660
094/05/02,094,HULU SELANGOR,05,HULU BERNAM,02,LADANG LIMA BELAS,680
094/05/03,094,HULU SELANGOR,05,HULU BERNAM,03,GEDANGSA,2438
094/05/04,094,HULU SELANGOR,05,HULU BERNAM,04,SUNGAI SELISIK,822
094/05/05,094,HULU SELANGOR,05,HULU BERNAM,05,KAMPUNG GESIR,1106
094/05/06,094,HULU SELANGOR,05,HULU BERNAM,06,KAMPUNG SUNGAI DUSUN,2588
094/05/07,094,HULU SELANGOR,05,HULU BERNAM,07,KAMPUNG DESA MAJU,2168
094/05/08,094,HULU SELANGOR,05,HULU BERNAM,08,KAMPUNG SUNGAI TENGI SELATAN,995
094/05/09,094,HULU SELANGOR,05,HULU BERNAM,09,CHANGKAT ASA,531
094/05/10,094,HULU SELANGOR,05,HULU BERNAM,10,KAMPUNG HULU BERNAM,3275
094/05/11,094,HULU SELANGOR,05,HULU BERNAM,11,LADANG ESCOT,843
094/05/12,094,HULU SELANGOR,05,HULU BERNAM,12,KAMPUNG GUMUT,1330
094/05/13,094,HULU SELANGOR,05,HULU BERNAM,13,BANDAR KALUMPANG,1056
094/05/14,094,HULU SELANGOR,05,HULU BERNAM,14,KAMPUNG BAHARU KALUMPANG,1596
094/05/15,094,HULU SELANGOR,05,HULU BERNAM,15,KUALA KALUMPANG,832
094/06/01,094,HULU SELANGOR,06,KUALA KUBU BAHARU,01,KAMPUNG BAHARU KERLING,994
094/06/02,094,HULU SELANGOR,06,KUALA KUBU BAHARU,02,PERTAK,259
094/06/03,094,HULU SELANGOR,06,KUALA KUBU BAHARU,03,AMPANG PECHAH,2472
094/06/04,094,HULU SELANGOR,06,KUALA KUBU BAHARU,04,KAMPUNG BAHARU CHINA K.K.B,1961
094/06/05,094,HULU SELANGOR,06,KUALA KUBU BAHARU,05,BANDAR KUALA KUBU BAHARU,2687
094/06/06,094,HULU SELANGOR,06,KUALA KUBU BAHARU,06,KAMPUNG AIR JERNIH,2983
094/06/07,094,HULU SELANGOR,06,KUALA KUBU BAHARU,07,KERLING,1535
094/06/08,094,HULU SELANGOR,06,KUALA KUBU BAHARU,08,LEMBAH BERINGIN,902
094/06/09,094,HULU SELANGOR,06,KUALA KUBU BAHARU,09,LADANG NIGEL GARDNER,983
094/06/10,094,HULU SELANGOR,06,KUALA KUBU BAHARU,10,JALAN KUALA KALI,1912
094/06/11,094,HULU SELANGOR,06,KUALA KUBU BAHARU,11,KAMPUNG BAHARU RASA,1468
094/06/12,094,HULU SELANGOR,06,KUALA KUBU BAHARU,12,PEKAN RASA,1282
094/06/13,094,HULU SELANGOR,06,KUALA KUBU BAHARU,13,KAMPUNG BAHARU BATANG KALI,959
094/06/14,094,HULU SELANGOR,06,KUALA KUBU BAHARU,14,HULU YAM LAMA,688
094/06/15,094,HULU SELANGOR,06,KUALA KUBU BAHARU,15,BANDAR UTAMA BATANG KALI,4175
094/06/16,094,HULU SELANGOR,06,KUALA KUBU BAHARU,16,BATU 30 HULU YAM,1447
094/07/01,094,HULU SELANGOR,07,BATANG KALI,01,BUKIT RASA,1196
094/07/02,094,HULU SELANGOR,07,BATANG KALI,02,BATANG KALI,2116
094/07/03,094,HULU SELANGOR,07,BATANG KALI,03,HULU KALI,1175
094/07/04,094,HULU SELANGOR,07,BATANG KALI,04,KAMPUNG PADANG,1131
094/07/05,094,HULU SELANGOR,07,BATANG KALI,05,HULU YAM BARU 1,2029
094/07/06,094,HULU SELANGOR,07,BATANG KALI,06,HULU YAM BARU 2,2688
094/07/07,094,HULU SELANGOR,07,BATANG KALI,07,SERENDAH,2900
094/07/08,094,HULU SELANGOR,07,BATANG KALI,08,SUNGAI CHOH,1910
094/07/09,094,HULU SELANGOR,07,BATANG KALI,09,SUNGAI GAPI,469
094/07/10,094,HULU SELANGOR,07,BATANG KALI,10,TAMAN BUKIT TERATAI,2086
094/07/11,094,HULU SELANGOR,07,BATANG KALI,11,SUNGAI BUAYA,1783
094/07/12,094,HULU SELANGOR,07,BATANG KALI,12,BUKIT BERUNTUNG,3572
094/07/13,094,HULU SELANGOR,07,BATANG KALI,13,BANDAR SUNGAI BUAYA,1829
094/07/14,094,HULU SELANGOR,07,BATANG KALI,14,BUKIT SENTOSA 1 HINGGA 5,2444
094/07/15,094,HULU SELANGOR,07,BATANG KALI,15,BUKIT SENTOSA 6 HINGGA 12,3329
094/07/16,094,HULU SELANGOR,07,BATANG KALI,16,TAMAN BUNGA RAYA,3157
094/07/17,094,HULU SELANGOR,07,BATANG KALI,17,KAMPUNG BAHARU SERENDAH,2721
094/07/18,094,HULU SELANGOR,07,BATANG KALI,18,TAMAN BUNGA RAYA 2,640
094/07/19,094,HULU SELANGOR,07,BATANG KALI,19,SERI SERENDAH,1797
095/08/01,095,TANJONG KARANG,08,SUNGAI BURONG,01,TERUSAN BESAR,707
095/08/02,095,TANJONG KARANG,08,SUNGAI BURONG,02,SAWAH SEMPADAN UTARA,1245
095/08/03,095,TANJONG KARANG,08,SUNGAI BURONG,03,SUNGAI BURONG BENDANG,1586
095/08/04,095,TANJONG KARANG,08,SUNGAI BURONG,04,SUNGAI BURONG UTARA,1293
095/08/05,095,TANJONG KARANG,08,SUNGAI BURONG,05,SUNGAI BURONG SELATAN,1877
095/08/06,095,TANJONG KARANG,08,SUNGAI BURONG,06,BATU 9 TANJONG KARANG,1650
095/08/07,095,TANJONG KARANG,08,SUNGAI BURONG,07,SUNGAI SIREH,2417
095/08/08,095,TANJONG KARANG,08,SUNGAI BURONG,08,SUNGAI SIREH UTARA,366
095/08/09,095,TANJONG KARANG,08,SUNGAI BURONG,09,SAWAH SEMPADAN SELATAN,757
095/08/10,095,TANJONG KARANG,08,SUNGAI BURONG,10,SUNGAI TENGI KANAN,1270
095/08/11,095,TANJONG KARANG,08,SUNGAI BURONG,11,SUNGAI KAJANG,2657
095/08/12,095,TANJONG KARANG,08,SUNGAI BURONG,12,PEKAN TANJONG KARANG,1842
095/08/13,095,TANJONG KARANG,08,SUNGAI BURONG,13,BATU 7 TANJONG KARANG,1947
095/08/14,095,TANJONG KARANG,08,SUNGAI BURONG,14,BATU 11 TANJONG KARANG,1087
095/08/15,095,TANJONG KARANG,08,SUNGAI BURONG,15,BAGAN PASIR TANJONG KARANG,914
095/09/01,095,TANJONG KARANG,09,PERMATANG,01,HULU TIRAM BURUK,2063
095/09/02,095,TANJONG KARANG,09,PERMATANG,02,HULU TIRAM BURUK UTARA,780
095/09/03,095,TANJONG KARANG,09,PERMATANG,03,BATANG BERJUNTAI SATU,1685
095/09/04,095,TANJONG KARANG,09,PERMATANG,04,LADANG MARY,410
095/09/05,095,TANJONG KARANG,09,PERMATANG,05,SUNGAI TINGGI,683
095/09/06,095,TANJONG KARANG,09,PERMATANG,06,BATANG BERJUNTAI UTARA,1088
095/09/07,095,TANJONG KARANG,09,PERMATANG,07,KAMPUNG RAJA MUSA,907
095/09/08,095,TANJONG KARANG,09,PERMATANG,08,LADANG RAJA MUSA,691
095/09/09,095,TANJONG KARANG,09,PERMATANG,09,KAMPUNG BAHARU TIRAM BURUK,839
095/09/10,095,TANJONG KARANG,09,PERMATANG,10,PARIT SERONG,917
095/09/11,095,TANJONG KARANG,09,PERMATANG,11,SUNGAI GULANG-GULANG,1771
095/09/12,095,TANJONG KARANG,09,PERMATANG,12,HUJUNG PERMATANG,697
095/09/13,095,TANJONG KARANG,09,PERMATANG,13,BELIMBING,1395
095/09/14,095,TANJONG KARANG,09,PERMATANG,14,PERMATANG,1328
095/09/15,095,TANJONG KARANG,09,PERMATANG,15,PASIR PENAMBANG,2150
095/09/16,095,TANJONG KARANG,09,PERMATANG,16,SUNGAI YU,1259
095/09/17,095,TANJONG KARANG,09,PERMATANG,17,SUNGAI TERAP,1054
095/09/18,095,TANJONG KARANG,09,PERMATANG,18,SAWAH SEMPADAN,1245
095/09/19,095,TANJONG KARANG,09,PERMATANG,19,KAMPUNG LUBUK JAYA,81
096/10/01,096,KUALA SELANGOR,10,BUKIT MELAWATI,01,KUALA SELANGOR,1910
096/10/02,096,KUALA SELANGOR,10,BUKIT MELAWATI,02,BANDAR BARU,3872
096/10/03,096,KUALA SELANGOR,10,BUKIT MELAWATI,03,ASAM JAWA,1965
096/10/04,096,KUALA SELANGOR,10,BUKIT MELAWATI,04,KAMPUNG KUANTAN KELAB,998
096/10/05,096,KUALA SELANGOR,10,BUKIT MELAWATI,05,KAMPUNG KUANTAN,1420
096/10/06,096,KUALA SELANGOR,10,BUKIT MELAWATI,06,PASANGAN,1361
096/10/07,096,KUALA SELANGOR,10,BUKIT MELAWATI,07,LADANG SUNGAI RAMBAI,272
096/10/08,096,KUALA SELANGOR,10,BUKIT MELAWATI,08,BUKIT ROTAN,1293
096/10/09,096,KUALA SELANGOR,10,BUKIT MELAWATI,09,API - API,1778
096/10/10,096,KUALA SELANGOR,10,BUKIT MELAWATI,10,TELUK PIAI,1456
096/10/11,096,KUALA SELANGOR,10,BUKIT MELAWATI,11,BUKIT KUCHING,2900
096/10/12,096,KUALA SELANGOR,10,BUKIT MELAWATI,12,PEKAN SUNGAI BULUH,1084
096/10/13,096,KUALA SELANGOR,10,BUKIT MELAWATI,13,JERAM UTARA,1857
096/10/14,096,KUALA SELANGOR,10,BUKIT MELAWATI,14,SASARAN JERAM,1204
096/11/01,096,KUALA SELANGOR,11,IJOK,01,SUNGAI DARAH,1459
096/11/02,096,KUALA SELANGOR,11,IJOK,02,BESTARI JAYA SELATAN,1470
096/11/03,096,KUALA SELANGOR,11,IJOK,03,JAYA SETIA,1548
096/11/04,096,KUALA SELANGOR,11,IJOK,04,BUKIT BADONG,2771
096/11/05,096,KUALA SELANGOR,11,IJOK,05,KAMPUNG IJOK,735
096/11/06,096,KUALA SELANGOR,11,IJOK,06,PEKAN IJOK,3682
096/11/07,096,KUALA SELANGOR,11,IJOK,07,SIMPANG IJOK,1635
096/11/08,096,KUALA SELANGOR,11,IJOK,08,BESTARI JAYA UTARA,3541
096/11/09,096,KUALA SELANGOR,11,IJOK,09,LADANG BUKIT IJOK,148
096/11/10,096,KUALA SELANGOR,11,IJOK,10,PARIT MAHANG,1442
096/11/11,096,KUALA SELANGOR,11,IJOK,11,BUKIT CHERAKAH,2303
096/12/01,096,KUALA SELANGOR,12,JERAM,01,FELDA BUKIT CHERAKAH,1013
096/12/02,096,KUALA SELANGOR,12,JERAM,02,BUKIT HIJAU,1215
096/12/03,096,KUALA SELANGOR,12,JERAM,03,BUKIT KUCHING TENGAH,688
096/12/04,096,KUALA SELANGOR,12,JERAM,04,SIMPANG TIGA,1624
096/12/05,096,KUALA SELANGOR,12,JERAM,05,JERAM,738
096/12/06,096,KUALA SELANGOR,12,JERAM,06,SUNGAI SEMBILANG,1343
096/12/07,096,KUALA SELANGOR,12,JERAM,07,TAMBAK JAWA,1573
096/12/08,096,KUALA SELANGOR,12,JERAM,08,BUKIT CLOH,962
096/12/09,096,KUALA SELANGOR,12,JERAM,09,BUKIT KERAYONG,1382
096/12/10,096,KUALA SELANGOR,12,JERAM,10,JERAM PANTAI,497
096/12/11,096,KUALA SELANGOR,12,JERAM,11,BANDAR PUNCAK ALAM,3421
096/12/12,096,KUALA SELANGOR,12,JERAM,12,TUAN MEE,1865
097/13/01,097,SELAYANG,13,KUANG,01,PENGKALAN KUNDANG,3588
097/13/02,097,SELAYANG,13,KUANG,02,SUNGAI SERAI,803
097/13/03,097,SELAYANG,13,KUANG,03,PEKAN KUANG,1666
097/13/04,097,SELAYANG,13,KUANG,04,KAMPUNG GOMBAK,1490
097/13/05,097,SELAYANG,13,KUANG,05,KAMPUNG KUANG,3045
097/13/06,097,SELAYANG,13,KUANG,06,KAMPUNG CEMPEDAK,1113
097/13/07,097,SELAYANG,13,KUANG,07,SRI KUNDANG,3467
097/13/08,097,SELAYANG,13,KUANG,08,BANDAR TASIK PUTERI,4155
097/13/09,097,SELAYANG,13,KUANG,09,PENJARA SUNGAI BULOH,470
097/14/01,097,SELAYANG,14,RAWANG,01,BANDAR COUNTRY HOME 1,3706
097/14/02,097,SELAYANG,14,RAWANG,02,KUALA GARING,2270
097/14/03,097,SELAYANG,14,RAWANG,03,KAMPUNG RAJAH,1151
097/14/04,097,SELAYANG,14,RAWANG,04,RAWANG,1561
097/14/05,097,SELAYANG,14,RAWANG,05,KAMPUNG MELAYU,1244
097/14/06,097,SELAYANG,14,RAWANG,06,KAMPUNG KENANGA,3267
097/14/07,097,SELAYANG,14,RAWANG,07,KAMPUNG BAHARU RAWANG,2645
097/14/08,097,SELAYANG,14,RAWANG,08,TAMAN SRI HIJAU,2089
097/14/09,097,SELAYANG,14,RAWANG,09,KANCHING,3182
097/14/10,097,SELAYANG,14,RAWANG,10,TAMAN BERSATU,3150
097/14/11,097,SELAYANG,14,RAWANG,11,TAMAN BUKIT RAWANG,2387
097/14/12,097,SELAYANG,14,RAWANG,12,KAMPUNG TANJUNG,288
097/14/13,097,SELAYANG,14,RAWANG,13,BANDAR COUNTRY HOME 2,2738
097/14/14,097,SELAYANG,14,RAWANG,14,KOTA EMERALD EAST & WEST,1023
097/14/15,097,SELAYANG,14,RAWANG,15,GARING JAYA,2298
097/14/16,097,SELAYANG,14,RAWANG,16,BATU ARANG BARAT,2094
097/14/17,097,SELAYANG,14,RAWANG,17,BATU ARANG TIMUR,1317
097/14/18,097,SELAYANG,14,RAWANG,18,BATU ARANG SELATAN,1589
097/15/01,097,SELAYANG,15,TAMAN TEMPLER,01,BATU 16 RAWANG,2199
097/15/02,097,SELAYANG,15,TAMAN TEMPLER,02,BANDAR BARU SELAYANG UTARA,2379
097/15/03,097,SELAYANG,15,TAMAN TEMPLER,03,BUKIT IDAMAN,3670
097/15/04,097,SELAYANG,15,TAMAN TEMPLER,04,SELAYANG BAHARU TIGA,3316
097/15/05,097,SELAYANG,15,TAMAN TEMPLER,05,SELAYANG BAHARU DUA,1803
097/15/06,097,SELAYANG,15,TAMAN TEMPLER,06,SELAYANG BAHARU SATU,2969
097/15/07,097,SELAYANG,15,TAMAN TEMPLER,07,TAMAN SELAYANG BAHARU,1645
097/15/08,097,SELAYANG,15,TAMAN TEMPLER,08,SELAYANG PANDANG,2263
097/15/09,097,SELAYANG,15,TAMAN TEMPLER,09,SRI MELATI,1704
097/15/10,097,SELAYANG,15,TAMAN TEMPLER,10,BANDAR BARU SELAYANG SELATAN,2721
097/15/11,097,SELAYANG,15,TAMAN TEMPLER,11,KAMPUNG BENDAHARA,2361
097/15/12,097,SELAYANG,15,TAMAN TEMPLER,12,LEMBAH MUTIARA,3067
097/15/13,097,SELAYANG,15,TAMAN TEMPLER,13,KAMPUNG SELAYANG PERMAI,1939
097/15/14,097,SELAYANG,15,TAMAN TEMPLER,14,KAMPUNG SELAYANG INDAH,1529
097/15/15,097,SELAYANG,15,TAMAN TEMPLER,15,TAMAN SELAYANG INDAH,1452
097/15/16,097,SELAYANG,15,TAMAN TEMPLER,16,PRIMA SELAYANG,1017
098/16/01,098,GOMBAK,16,SUNGAI TUA,01,WIRA DAMAI,3782
098/16/02,098,GOMBAK,16,SUNGAI TUA,02,TAMAN JASA,1975
098/16/03,098,GOMBAK,16,SUNGAI TUA,03,SUNGAI TUA,1964
098/16/04,098,GOMBAK,16,SUNGAI TUA,04,KAMPUNG NAKHODA,4100
098/16/05,098,GOMBAK,16,SUNGAI TUA,05,KAMPUNG LAKSAMANA,4720
098/16/06,098,GOMBAK,16,SUNGAI TUA,06,SELAYANG BAHARU EMPAT,2873
098/16/07,098,GOMBAK,16,SUNGAI TUA,07,SELAYANG BAHARU LIMA,2273
098/16/08,098,GOMBAK,16,SUNGAI TUA,08,TAMAN SELAYANG,2862
098/16/09,098,GOMBAK,16,SUNGAI TUA,09,TAMAN BATU CAVES,2553
098/16/10,098,GOMBAK,16,SUNGAI TUA,10,PEKAN BATU CAVES LAMA,1952
098/16/11,098,GOMBAK,16,SUNGAI TUA,11,BATU CAVES,1045
098/16/12,098,GOMBAK,16,SUNGAI TUA,12,BATU 8 SUNGAI TUA,774
098/16/13,098,GOMBAK,16,SUNGAI TUA,13,PINGGIRAN BATU CAVES,3512
098/16/14,098,GOMBAK,16,SUNGAI TUA,14,TAMAN SELASEH,4605
098/17/01,098,GOMBAK,17,GOMBAK SETIA,01,SRI GOMBAK 9,3462
098/17/02,098,GOMBAK,17,GOMBAK SETIA,02,TAMAN GREENWOOD,3187
098/17/03,098,GOMBAK,17,GOMBAK SETIA,03,SIMPANG TIGA,3823
098/17/04,098,GOMBAK,17,GOMBAK SETIA,04,BATU 8 GOMBAK,2664
098/17/05,098,GOMBAK,17,GOMBAK SETIA,05,GOMBAK SELATAN,4034
098/17/06,098,GOMBAK,17,GOMBAK SETIA,06,GOMBAK SETIA,3047
098/17/07,098,GOMBAK,17,GOMBAK SETIA,07,SRI GOMBAK 1,3852
098/17/08,098,GOMBAK,17,GOMBAK SETIA,08,SRI GOMBAK 2 - 7,4663
098/17/09,098,GOMBAK,17,GOMBAK SETIA,09,TAMAN GOMBAK,3260
098/17/10,098,GOMBAK,17,GOMBAK SETIA,10,BATU 9 GOMBAK,3420
098/17/11,098,GOMBAK,17,GOMBAK SETIA,11,TAMAN KAMARIAH,800
098/17/12,098,GOMBAK,17,GOMBAK SETIA,12,SRI GOMBAK 10,1833
098/17/13,098,GOMBAK,17,GOMBAK SETIA,13,SRI GOMBAK 8,1207
098/18/01,098,GOMBAK,18,HULU KELANG,01,BANDAR MELAWATI,1161
098/18/02,098,GOMBAK,18,HULU KELANG,02,KELANG GATE,1324
098/18/03,098,GOMBAK,18,HULU KELANG,03,TAMAN MELAWATI,4369
098/18/04,098,GOMBAK,18,HULU KELANG,04,KEMENSAH,1428
098/18/05,098,GOMBAK,18,HULU KELANG,05,HULU KELANG,3192
098/18/06,098,GOMBAK,18,HULU KELANG,06,TAMAN PERMATA,3649
098/18/07,098,GOMBAK,18,HULU KELANG,07,KERAMAT TENGAH AU 4,2050
098/18/08,098,GOMBAK,18,HULU KELANG,08,AU3 RUMAH TERES,2267
098/18/09,098,GOMBAK,18,HULU KELANG,09,SRI KERAMAT AU 2A,3608
098/18/10,098,GOMBAK,18,HULU KELANG,10,KERAMAT AU 1,3845
098/18/11,098,GOMBAK,18,HULU KELANG,11,KERAMAT PANGSA,1956
098/18/12,098,GOMBAK,18,HULU KELANG,12,MELAWATI JALAN F & H,3358
098/18/13,098,GOMBAK,18,HULU KELANG,13,LEMBAH KERAMAT AU 5C,2766
098/18/14,098,GOMBAK,18,HULU KELANG,14,DESA KERAMAT AU 2B & AU 2C,846
098/18/15,098,GOMBAK,18,HULU KELANG,15,LEMBAH KERAMAT AU 5D,1192
098/18/16,098,GOMBAK,18,HULU KELANG,16,KERAMAT AU 1B,1056
098/18/17,098,GOMBAK,18,HULU KELANG,17,AU3 RUMAH PANGSA,1564
098/18/18,098,GOMBAK,18,HULU KELANG,18,MELAWATI JALAN G.E.C,1822
098/18/19,098,GOMBAK,18,HULU KELANG,19,ENGGANG UTARA,2409
098/18/20,098,GOMBAK,18,HULU KELANG,20,ENGGANG SELATAN,2879
099/19/01,099,AMPANG,19,BUKIT ANTARABANGSA,01,TAMAN DATO AHMAD RAZALI,2488
099/19/02,099,AMPANG,19,BUKIT ANTARABANGSA,02,BUKIT ANTARABANGSA,3178
099/19/03,099,AMPANG,19,BUKIT ANTARABANGSA,03,UKAY HEIGHT,836
099/19/04,099,AMPANG,19,BUKIT ANTARABANGSA,04,AMPANG JAYA,2426
099/19/05,099,AMPANG,19,BUKIT ANTARABANGSA,05,TAMAN PERWIRA,2871
099/19/06,099,AMPANG,19,BUKIT ANTARABANGSA,06,KAMPUNG BAHARU AMPANG 1,2875
099/19/07,099,AMPANG,19,BUKIT ANTARABANGSA,07,KAMPUNG MELAYU AMPANG,2667
099/19/08,099,AMPANG,19,BUKIT ANTARABANGSA,08,PEKAN AMPANG,2203
099/19/09,099,AMPANG,19,BUKIT ANTARABANGSA,09,KAMPUNG BAHARU AMPANG 2,2630
099/19/10,099,AMPANG,19,BUKIT ANTARABANGSA,10,KAMPUNG SRI TANJUNG,1442
099/19/11,099,AMPANG,19,BUKIT ANTARABANGSA,11,PINGGIRAN UKAY,913
099/19/12,099,AMPANG,19,BUKIT ANTARABANGSA,12,KUALA AMPANG,2892
099/19/13,099,AMPANG,19,BUKIT ANTARABANGSA,13,UKAY PERDANA,2009
099/19/14,099,AMPANG,19,BUKIT ANTARABANGSA,14,KAMPUNG BAHARU AMPANG KEDUA,2355
099/19/15,099,AMPANG,19,BUKIT ANTARABANGSA,15,KAMPUNG BAHARU AMPANG PERTAMA,1247
099/19/16,099,AMPANG,19,BUKIT ANTARABANGSA,16,BANDAR BARU AMPANG,2774
099/19/17,099,AMPANG,19,BUKIT ANTARABANGSA,17,KAMPUNG BAHARU AMPANG KETIGA,1396
099/19/18,099,AMPANG,19,BUKIT ANTARABANGSA,18,TAMAN DAGANG ,2293
099/19/19,099,AMPANG,19,BUKIT ANTARABANGSA,19,TAMAN CAHAYA,1475
099/20/01,099,AMPANG,20,LEMBAH JAYA,01,TAMAN TUN ABDUL RAZAK,876
099/20/02,099,AMPANG,20,LEMBAH JAYA,02,LEMBAH JAYA UTARA,2252
099/20/03,099,AMPANG,20,LEMBAH JAYA,03,TAMAN KOSAS,2914
099/20/04,099,AMPANG,20,LEMBAH JAYA,04,BUKIT INDAH JALAN 1 & 2,2731
099/20/05,099,AMPANG,20,LEMBAH JAYA,05,SERI WATAN,2277
099/20/06,099,AMPANG,20,LEMBAH JAYA,06,SERI AMPANG,1208
099/20/07,099,AMPANG,20,LEMBAH JAYA,07,BUKIT AMPANG,2514
099/20/08,099,AMPANG,20,LEMBAH JAYA,08,TASIK TAMBAHAN UTARA,2685
099/20/09,099,AMPANG,20,LEMBAH JAYA,09,AMPANG CAMPURAN JALAN IKAN EMAS,2294
099/20/10,099,AMPANG,20,LEMBAH JAYA,10,LEMBAH JAYA SELATAN,2463
099/20/11,099,AMPANG,20,LEMBAH JAYA,11,KAMPUNG TENGAH LEMBAH JAYA,1102
099/20/12,099,AMPANG,20,LEMBAH JAYA,12,TAMAN AMPANG INDAH,2850
099/20/13,099,AMPANG,20,LEMBAH JAYA,13,TAMAN RASMI JAYA,1272
099/20/14,099,AMPANG,20,LEMBAH JAYA,14,TASIK TAMBAHAN SELATAN,4020
099/20/15,099,AMPANG,20,LEMBAH JAYA,15,KAMPUNG AMPANG INDAH,2439
099/20/16,099,AMPANG,20,LEMBAH JAYA,16,TAMAN MULIA JAYA,1010
099/20/17,099,AMPANG,20,LEMBAH JAYA,17,AMPANG CAMPURAN JALAN IKAN JELAWAT,2019
099/20/18,099,AMPANG,20,LEMBAH JAYA,18,BUKIT INDAH JALAN 3,1391
100/21/01,100,PANDAN,21,PANDAN INDAH,01,TAMAN NIRWANA,1715
100/21/02,100,PANDAN,21,PANDAN INDAH,02,ANGSANA HILIR,1971
100/21/03,100,PANDAN,21,PANDAN INDAH,03,KAMPUNG PANDAN DALAM KIRI,2985
100/21/04,100,PANDAN,21,PANDAN INDAH,04,LORONG RAYA KAMPUNG PANDAN,875
100/21/05,100,PANDAN,21,PANDAN INDAH,05,PANDAN JAYA UTARA,3037
100/21/06,100,PANDAN,21,PANDAN INDAH,06,TAMAN CHEMPAKA,2591
100/21/07,100,PANDAN,21,PANDAN INDAH,07,"PANDAN INDAH JALAN 1, 4 DAN 6",5902
100/21/08,100,PANDAN,21,PANDAN INDAH,08,LORONG MOLEK KAMPUNG PANDAN,1378
100/21/09,100,PANDAN,21,PANDAN INDAH,09,LORONG BERSIH KAMPUNG PANDAN,1397
100/21/10,100,PANDAN,21,PANDAN INDAH,10,PANDAN JAYA SELATAN,4520
100/21/11,100,PANDAN,21,PANDAN INDAH,11,TAMAN BAKTI,1392
100/21/12,100,PANDAN,21,PANDAN INDAH,12,PANDAN INDAH JALAN 2 & 3,2852
100/21/13,100,PANDAN,21,PANDAN INDAH,13,AMPANG HILIR,3656
100/21/14,100,PANDAN,21,PANDAN INDAH,14,CHERAS INDAH,2519
100/21/15,100,PANDAN,21,PANDAN INDAH,15,TAMAN MAJU JAYA,1481
100/21/16,100,PANDAN,21,PANDAN INDAH,16,TAMAN KENCHANA,1288
100/21/17,100,PANDAN,21,PANDAN INDAH,17,KAMPUNG CHERAS BAHARU TIMUR,2189
100/21/18,100,PANDAN,21,PANDAN INDAH,18,DESA NIRWANA,703
100/22/01,100,PANDAN,22,TERATAI,01,PANDAN PERDANA TIMUR,3830
100/22/02,100,PANDAN,22,TERATAI,02,TAMAN MUDA TIMUR,2027
100/22/03,100,PANDAN,22,TERATAI,03,TAMAN PUTRA,2757
100/22/04,100,PANDAN,22,TERATAI,04,TAMAN SERAYA,4485
100/22/05,100,PANDAN,22,TERATAI,05,TAMAN MELOR,2116
100/22/06,100,PANDAN,22,TERATAI,06,TAMAN MEGA JAYA,634
100/22/07,100,PANDAN,22,TERATAI,07,TAMAN MAWAR,920
100/22/08,100,PANDAN,22,TERATAI,08,TAMAN BUKIT TERATAI,4542
100/22/09,100,PANDAN,22,TERATAI,09,PANDAN PERDANA BARAT,3557
100/22/10,100,PANDAN,22,TERATAI,10,KAMPUNG CHERAS BAHARU BARAT,2176
100/22/11,100,PANDAN,22,TERATAI,11,TAMAN MUDA BARAT,4192
100/22/12,100,PANDAN,22,TERATAI,12,TAMAN SAGA,1856
100/22/13,100,PANDAN,22,TERATAI,13,CHERAS HARTAMAS,880
100/22/14,100,PANDAN,22,TERATAI,14,TASIK PERMAI,4299
100/22/15,100,PANDAN,22,TERATAI,15,PANDAN INDAH JALAN 5,5573
100/22/16,100,PANDAN,22,TERATAI,16,PANDAN MEWAH,2194
101/23/01,101,HULU LANGAT,23,DUSUN TUA,01,PANSUN,1916
101/23/02,101,HULU LANGAT,23,DUSUN TUA,02,LUI,1827
101/23/03,101,HULU LANGAT,23,DUSUN TUA,03,KAMPUNG JAWA,694
101/23/04,101,HULU LANGAT,23,DUSUN TUA,04,PEKAN LUI,1168
101/23/05,101,HULU LANGAT,23,DUSUN TUA,05,SUNGAI TEKALI,1095
101/23/06,101,HULU LANGAT,23,DUSUN TUA,06,DUSUN TUA,2554
101/23/07,101,HULU LANGAT,23,DUSUN TUA,07,BATU 14 HULU LANGAT,2011
101/23/08,101,HULU LANGAT,23,DUSUN TUA,08,SUNGAI SERAI,2430
101/23/09,101,HULU LANGAT,23,DUSUN TUA,09,BATU 9 CHERAS,3034
101/23/10,101,HULU LANGAT,23,DUSUN TUA,10,KAMPUNG SUNGAI RAYA,1827
101/23/11,101,HULU LANGAT,23,DUSUN TUA,11,TAMAN SUNTEX,2202
101/23/12,101,HULU LANGAT,23,DUSUN TUA,12,TAMAN CUEPAC,6940
101/23/13,101,HULU LANGAT,23,DUSUN TUA,13,BATU 13 HULU LANGAT,2079
101/23/14,101,HULU LANGAT,23,DUSUN TUA,14,SRI NANDING,3135
101/23/15,101,HULU LANGAT,23,DUSUN TUA,15,KAMPUNG MELAKA,1715
101/23/16,101,HULU LANGAT,23,DUSUN TUA,16,TAMAN ALAM JAYA,2794
101/23/17,101,HULU LANGAT,23,DUSUN TUA,17,TAMAN KOTA CHERAS,3704
101/23/18,101,HULU LANGAT,23,DUSUN TUA,18,BATU 10 CHERAS,1562
101/24/01,101,HULU LANGAT,24,SEMENYIH,01,SEMENYIH BARAT,3252
101/24/02,101,HULU LANGAT,24,SEMENYIH,02,HULU SEMENYIH,2046
101/24/03,101,HULU LANGAT,24,SEMENYIH,03,TARUN,765
101/24/04,101,HULU LANGAT,24,SEMENYIH,04,KAMPUNG TANJONG,2736
101/24/05,101,HULU LANGAT,24,SEMENYIH,05,KAMPUNG BAHARU SEMENYIH,3101
101/24/06,101,HULU LANGAT,24,SEMENYIH,06,PEKAN SEMENYIH,2393
101/24/07,101,HULU LANGAT,24,SEMENYIH,07,SEMENYIH SELATAN,2147
101/24/08,101,HULU LANGAT,24,SEMENYIH,08,KAMPUNG RINCHING,671
101/24/09,101,HULU LANGAT,24,SEMENYIH,09,BANDAR RINCHING SEKSYEN 1 - 4,2527
101/24/10,101,HULU LANGAT,24,SEMENYIH,10,SESAPAN KELUBI,577
101/24/11,101,HULU LANGAT,24,SEMENYIH,11,SESAPAN BATU,917
101/24/12,101,HULU LANGAT,24,SEMENYIH,12,SUNGAI JAI,665
101/24/13,101,HULU LANGAT,24,SEMENYIH,13,BERANANG,860
101/24/14,101,HULU LANGAT,24,SEMENYIH,14,KUALA PAJAM,912
101/24/15,101,HULU LANGAT,24,SEMENYIH,15,SUNGAI KEMBUNG,1489
101/24/16,101,HULU LANGAT,24,SEMENYIH,16,SESAPAN BATU REMBAU,637
101/24/17,101,HULU LANGAT,24,SEMENYIH,17,KAMPUNG BATU 26 BERANANG,787
101/24/18,101,HULU LANGAT,24,SEMENYIH,18,PENJARA KAJANG,865
101/24/19,101,HULU LANGAT,24,SEMENYIH,19,SEMENYIH INDAH,1896
101/24/20,101,HULU LANGAT,24,SEMENYIH,20,BANDAR RINCHING SEKSYEN 5 - 6,2021
101/24/21,101,HULU LANGAT,24,SEMENYIH,21,BANDAR TASIK KESUMA,2824
101/24/22,101,HULU LANGAT,24,SEMENYIH,22,KANTAN PERMAI,3658
101/24/23,101,HULU LANGAT,24,SEMENYIH,23,BUKIT MAHKOTA,2518
101/25/01,101,HULU LANGAT,25,KAJANG,01,SUNGAI SEKAMAT,4781
101/25/02,101,HULU LANGAT,25,KAJANG,02,SAUJANA IMPIAN,2155
101/25/03,101,HULU LANGAT,25,KAJANG,03,TAMAN MESRA,1304
101/25/04,101,HULU LANGAT,25,KAJANG,04,SUNGAI KANTAN,2506
101/25/05,101,HULU LANGAT,25,KAJANG,05,TAMAN KAJANG BAHARU,3744
101/25/06,101,HULU LANGAT,25,KAJANG,06,KAJANG,1446
101/25/07,101,HULU LANGAT,25,KAJANG,07,TAMAN DELIMA,1715
101/25/08,101,HULU LANGAT,25,KAJANG,08,BANDAR KAJANG,2015
101/25/09,101,HULU LANGAT,25,KAJANG,09,BANDAR SUNGAI LONG,5972
101/25/10,101,HULU LANGAT,25,KAJANG,10,BANDAR MAHKOTA,2866
101/25/11,101,HULU LANGAT,25,KAJANG,11,TAMAN RAKAN,1027
101/25/12,101,HULU LANGAT,25,KAJANG,12,TAMAN ASA JAYA,1527
101/25/13,101,HULU LANGAT,25,KAJANG,13,KAJANG PERDANA,2889
101/25/14,101,HULU LANGAT,25,KAJANG,14,SUNGAI JELUK,1422
101/25/15,101,HULU LANGAT,25,KAJANG,15,TAMAN BUKIT MEWAH,2815
101/25/16,101,HULU LANGAT,25,KAJANG,16,REKO UTARA,1337
101/25/17,101,HULU LANGAT,25,KAJANG,17,TAMAN JASMIN,2477
101/25/18,101,HULU LANGAT,25,KAJANG,18,REKO SELATAN,2328
101/25/19,101,HULU LANGAT,25,KAJANG,19,TAMAN KAJANG MEWAH,2955
101/25/20,101,HULU LANGAT,25,KAJANG,20,BUKIT KAJANG BARU,3878
101/25/21,101,HULU LANGAT,25,KAJANG,21,KAJANG PRIMA,882
102/26/01,102,SERDANG,26,SUNGAI RAMAL,01,SUNGAI RAMAL LUAR,3853
102/26/02,102,SERDANG,26,SUNGAI RAMAL,02,SUNGAI RAMAL DALAM,1965
102/26/03,102,SERDANG,26,SUNGAI RAMAL,03,SEKSYEN 3 BBB,3621
102/26/04,102,SERDANG,26,SUNGAI RAMAL,04,SEKSYEN 1 BBB,3565
102/26/05,102,SERDANG,26,SUNGAI RAMAL,05,SEKSYEN 6 BBB,4206
102/26/06,102,SERDANG,26,SUNGAI RAMAL,06,BANGI,3731
102/26/07,102,SERDANG,26,SUNGAI RAMAL,07,TAMAN KAJANG UTAMA,2976
102/26/08,102,SERDANG,26,SUNGAI RAMAL,08,SEKSYEN 4 BBB,3652
102/26/09,102,SERDANG,26,SUNGAI RAMAL,09,SEKSYEN 5 BBB,2799
102/26/10,102,SERDANG,26,SUNGAI RAMAL,10,SEKSYEN 2 BBB,2103
102/26/11,102,SERDANG,26,SUNGAI RAMAL,11,UNIVERSITI KEBANGSAAN MALAYSIA,1249
102/26/12,102,SERDANG,26,SUNGAI RAMAL,12,"SEKSYEN 7,8 DAN 9 BBB",3092
102/26/13,102,SERDANG,26,SUNGAI RAMAL,13,BANDAR TEKNOLOGI KAJANG,2544
102/26/14,102,SERDANG,26,SUNGAI RAMAL,14,IMPIAN EHSAN,3177
102/27/01,102,SERDANG,27,BALAKONG,01,KAMPUNG BAHARU BALAKONG,1840
102/27/02,102,SERDANG,27,BALAKONG,02,BANDAR DAMAI PERDANA,2717
102/27/03,102,SERDANG,27,BALAKONG,03,PERIMBUN,5405
102/27/04,102,SERDANG,27,BALAKONG,04,BATU 11 CHERAS,3705
102/27/05,102,SERDANG,27,BALAKONG,05,CHERAS PERDANA,4656
102/27/06,102,SERDANG,27,BALAKONG,06,BANDAR TUN HUSSEIN ONN,3347
102/27/07,102,SERDANG,27,BALAKONG,07,SIMPANG BALAK,2346
102/27/08,102,SERDANG,27,BALAKONG,08,DESA BAIDURI,3312
102/27/09,102,SERDANG,27,BALAKONG,09,CHERAS JAYA,3055
102/27/10,102,SERDANG,27,BALAKONG,10,TAMAN SURIA JAYA,1909
102/27/11,102,SERDANG,27,BALAKONG,11,TAMAN SRI BAHAGIA,3131
102/27/12,102,SERDANG,27,BALAKONG,12,BALAKONG JAYA,1980
102/27/13,102,SERDANG,27,BALAKONG,13,TAMING JAYA,3563
102/27/14,102,SERDANG,27,BALAKONG,14,SUNGAI CHUA SATU,4370
102/27/15,102,SERDANG,27,BALAKONG,15,SUNGAI CHUA DUA,2574
102/27/16,102,SERDANG,27,BALAKONG,16,SUNGAI CHUA TIGA,659
102/27/17,102,SERDANG,27,BALAKONG,17,SUNGAI CHUA EMPAT,1210
102/27/18,102,SERDANG,27,BALAKONG,18,SUNGAI CHUA LIMA,1815
102/28/01,102,SERDANG,28,SERI KEMBANGAN,01,SERDANG LAMA,1275
102/28/02,102,SERDANG,28,SERI KEMBANGAN,02,SERDANG UTAMA,617
102/28/03,102,SERDANG,28,SERI KEMBANGAN,03,SERI KEMBANGAN 2,2439
102/28/04,102,SERDANG,28,SERI KEMBANGAN,04,SERI KEMBANGAN 1,2360
102/28/05,102,SERDANG,28,SERI KEMBANGAN,05,SERI KEMBANGAN 4,1166
102/28/06,102,SERDANG,28,SERI KEMBANGAN,06,SERI KEMBANGAN 5,1378
102/28/07,102,SERDANG,28,SERI KEMBANGAN,07,SERI KEMBANGAN 9,877
102/28/08,102,SERDANG,28,SERI KEMBANGAN,08,SERI KEMBANGAN 11,1610
102/28/09,102,SERDANG,28,SERI KEMBANGAN,09,SERI KEMBANGAN 8,872
102/28/10,102,SERDANG,28,SERI KEMBANGAN,10,SERI KEMBANGAN 10,912
102/28/11,102,SERDANG,28,SERI KEMBANGAN,11,SERI KEMBANGAN 12,616
102/28/12,102,SERDANG,28,SERI KEMBANGAN,12,SERI KEMBANGAN 7,1678
102/28/13,102,SERDANG,28,SERI KEMBANGAN,13,SERI KEMBANGAN 6,984
102/28/14,102,SERDANG,28,SERI KEMBANGAN,14,SERI KEMBANGAN 3,1304
102/28/15,102,SERDANG,28,SERI KEMBANGAN,15,BUKIT SERDANG,5168
102/28/16,102,SERDANG,28,SERI KEMBANGAN,16,TAMAN UNIVERSITI INDAH,4153
102/28/17,102,SERDANG,28,SERI KEMBANGAN,17,DESA SERDANG,1059
102/28/18,102,SERDANG,28,SERI KEMBANGAN,18,TAMAN MUHIBBAH,1313
102/28/19,102,SERDANG,28,SERI KEMBANGAN,19,SUNGAI BESI INDAH,3981
102/28/20,102,SERDANG,28,SERI KEMBANGAN,20,SERDANG RAYA,3544
102/28/21,102,SERDANG,28,SERI KEMBANGAN,21,TAMAN BUKIT BELIMBING,1562
103/29/01,103,PUCHONG,29,SERI SERDANG,01,SERDANG JAYA 1,2540
103/29/02,103,PUCHONG,29,SERI SERDANG,02,SERI SERDANG UTARA,3272
103/29/03,103,PUCHONG,29,SERI SERDANG,03,KAWASAN UPM,2090
103/29/04,103,PUCHONG,29,SERI SERDANG,04,KAMPUNG SRI AMAN,3458
103/29/05,103,PUCHONG,29,SERI SERDANG,05,BATU 14 PUCHONG,3138
103/29/06,103,PUCHONG,29,SERI SERDANG,06,SERI SERDANG SELATAN 1,2375
103/29/07,103,PUCHONG,29,SERI SERDANG,07,BANDAR BUKIT PUCHONG,3335
103/29/08,103,PUCHONG,29,SERI SERDANG,08,TAMAN PUCHONG UTAMA,4031
103/29/09,103,PUCHONG,29,SERI SERDANG,09,TAMAN PINGGIRAN PUTRA,5244
103/29/10,103,PUCHONG,29,SERI SERDANG,10,SERDANG JAYA 2,4206
103/29/11,103,PUCHONG,29,SERI SERDANG,11,PUCHONG PERMAI,4275
103/29/12,103,PUCHONG,29,SERI SERDANG,12,SERI INDAH,1229
103/29/13,103,PUCHONG,29,SERI SERDANG,13,SERI SERDANG SELATAN 2,1432
103/29/14,103,PUCHONG,29,SERI SERDANG,14,KAMPUNG BATU 13,3205
103/30/01,104,SUBANG,30,KINRARA,01,"KINRARA SEKSYEN 4,5 & 6",3340
103/30/02,104,SUBANG,30,KINRARA,02,KINRARA SEKSYEN 2,1451
103/30/03,104,SUBANG,30,KINRARA,03,KINRARA SEKSYEN 1,2882
103/30/04,104,SUBANG,30,KINRARA,04,KINRARA SEKSYEN 7,2047
103/30/05,104,SUBANG,30,KINRARA,05,KINRARA SEKSYEN 3,3931
103/30/06,104,SUBANG,30,KINRARA,06,PUCHONG JAYA TIMUR,3951
103/30/07,104,SUBANG,30,KINRARA,07,PUCHONG JAYA UTARA,2246
103/30/08,104,SUBANG,30,KINRARA,08,PUCHONG JAYA BARAT,5116
103/30/09,104,SUBANG,30,KINRARA,09,BATU 12 PUCHONG,2102
103/30/10,104,SUBANG,30,KINRARA,10,BATU 7 JALAN PUCHONG,1267
103/30/11,104,SUBANG,30,KINRARA,11,BATU 13 PUCHONG,3029
103/30/12,104,SUBANG,30,KINRARA,12,BANDAR KINRARA SEKSYEN 1,2054
103/30/13,104,SUBANG,30,KINRARA,13,PUSAT BANDAR PUCHONG,4866
103/30/14,104,SUBANG,30,KINRARA,14,BANDAR KINRARA SEKSYEN 2,1473
103/30/15,104,SUBANG,30,KINRARA,15,BANDAR KINRARA SEKSYEN 3,906
103/30/16,104,SUBANG,30,KINRARA,16,BANDAR KINRARA SEKSYEN 4,2001
103/30/17,104,SUBANG,30,KINRARA,17,BANDAR KINRARA SEKSYEN 5,4902
103/30/18,104,SUBANG,30,KINRARA,18,BANDAR PUTERI ,3373
103/30/19,104,SUBANG,30,KINRARA,19,PUCHONG INDAH 1,2800
103/30/20,104,SUBANG,30,KINRARA,20,PUCHONG PERDANA 1,1756
103/30/21,104,SUBANG,30,KINRARA,21,PUCHONG PERDANA 2,3439
103/30/22,104,SUBANG,30,KINRARA,22,PUCHONG INDAH 2,1525
103/30/23,104,SUBANG,30,KINRARA,23,PUCHONG INTAN,1814
104/31/01,104,SUBANG,31,SUBANG JAYA,01,PJS 7 BANDAR SUNWAY,2995
104/31/02,104,SUBANG,31,SUBANG JAYA,02,SS 12,2289
104/31/03,104,SUBANG,31,SUBANG JAYA,03,SS 15,2766
104/31/04,104,SUBANG,31,SUBANG JAYA,04,SS 16 & SS 17,2743
104/31/05,104,SUBANG,31,SUBANG JAYA,05,SS 19/1,1512
104/31/06,104,SUBANG,31,SUBANG JAYA,06,SS 18,4037
104/31/07,104,SUBANG,31,SUBANG JAYA,07,SS 14/1-4,2252
104/31/08,104,SUBANG,31,SUBANG JAYA,08,SS 13,1120
104/31/09,104,SUBANG,31,SUBANG JAYA,09,USJ 1,2864
104/31/10,104,SUBANG,31,SUBANG JAYA,10,USJ 2/1-4,3379
104/31/11,104,SUBANG,31,SUBANG JAYA,11,USJ 3,3809
104/31/12,104,SUBANG,31,SUBANG JAYA,12,USJ 4,2521
104/31/13,104,SUBANG,31,SUBANG JAYA,13,USJ 5,1671
104/31/14,104,SUBANG,31,SUBANG JAYA,14,USJ 6,4202
104/31/15,104,SUBANG,31,SUBANG JAYA,15,USJ 7 & 8,3716
104/31/16,104,SUBANG,31,SUBANG JAYA,16,USJ 9 & USJ 10,2085
104/31/17,104,SUBANG,31,SUBANG JAYA,17,USJ 11,3750
104/31/18,104,SUBANG,31,SUBANG JAYA,18,USJ 12,1682
104/31/19,104,SUBANG,31,SUBANG JAYA,19,USJ 13,1463
104/31/20,104,SUBANG,31,SUBANG JAYA,20,USJ 14 & 15,1833
104/31/21,104,SUBANG,31,SUBANG JAYA,21,SS 19/2 - SS 19/5,1891
104/31/22,104,SUBANG,31,SUBANG JAYA,22,SS 19/6 - SS 19/19,2186
104/31/23,104,SUBANG,31,SUBANG JAYA,23,PJS 9 & 11 BANDAR SUNWAY,2040
104/31/24,104,SUBANG,31,SUBANG JAYA,24,SS 14/5-8,2006
104/31/25,104,SUBANG,31,SUBANG JAYA,25,USJ 2/5-7,1875
104/31/26,104,SUBANG,31,SUBANG JAYA,26,USJ 16 HINGGA 22,3372
105/32/01,105,PETALING JAYA,32,SERI SETIA,01,GLENMARIE,1258
105/32/02,105,PETALING JAYA,32,SERI SETIA,02,SS 6,1515
105/32/03,105,PETALING JAYA,32,SERI SETIA,03,SS 5D,1656
105/32/04,105,PETALING JAYA,32,SERI SETIA,04,SS 5B & 5C,3144
105/32/05,105,PETALING JAYA,32,SERI SETIA,05,SS 5A,2634
105/32/06,105,PETALING JAYA,32,SERI SETIA,06,SERI SETIA,2085
105/32/07,105,PETALING JAYA,32,SERI SETIA,07,PJS 5 KAMPUNG PENAGA,1849
105/32/08,105,PETALING JAYA,32,SERI SETIA,08,PJS 6/4 - PJS 6/6,2886
105/32/09,105,PETALING JAYA,32,SERI SETIA,09,PJS 10/1 - PJS 10/16,3717
105/32/10,105,PETALING JAYA,32,SERI SETIA,10,RUMAH PANGSA SUNGAI WAY,1336
105/32/11,105,PETALING JAYA,32,SERI SETIA,11,PJS 5/1 - PJS 5/12,2284
105/32/12,105,PETALING JAYA,32,SERI SETIA,12,PJS 6/1 - PJS 6/3,2338
105/32/13,105,PETALING JAYA,32,SERI SETIA,13,PJS 8,1844
105/32/14,105,PETALING JAYA,32,SERI SETIA,14,PJS 10/17 - PJS 10/34,2467
105/32/15,105,PETALING JAYA,32,SERI SETIA,15,SS 7,3666
105/32/16,105,PETALING JAYA,32,SERI SETIA,16,KAMPUNG LINDUNGAN,2161
105/32/17,105,PETALING JAYA,32,SERI SETIA,17,PJS 5/13 - PJS 5/30,2076
105/32/18,105,PETALING JAYA,32,SERI SETIA,18,TAMAN TTDI JAYA,4646
105/32/19,105,PETALING JAYA,32,SERI SETIA,19,ARA DAMANSARA,3256
105/32/20,105,PETALING JAYA,32,SERI SETIA,20,TAMAN GLENMARIE,575
105/33/01,105,PETALING JAYA,33,TAMAN MEDAN,01,SEKSYEN 51,187
105/33/02,105,PETALING JAYA,33,TAMAN MEDAN,02,SEKSYEN 4 PETALING JAYA,3312
105/33/03,105,PETALING JAYA,33,TAMAN MEDAN,03,KAWASAN MELAYU,1591
105/33/04,105,PETALING JAYA,33,TAMAN MEDAN,04,PJS 1,2949
105/33/05,105,PETALING JAYA,33,TAMAN MEDAN,05,MEDAN PEJASA,2386
105/33/06,105,PETALING JAYA,33,TAMAN MEDAN,06,TAMAN DATO HARUN 1,1932
105/33/07,105,PETALING JAYA,33,TAMAN MEDAN,07,TAMAN DATO HARUN 2,3463
105/33/08,105,PETALING JAYA,33,TAMAN MEDAN,08,PJS 3,2721
105/33/09,105,PETALING JAYA,33,TAMAN MEDAN,09,PJS 4,4184
105/33/10,105,PETALING JAYA,33,TAMAN MEDAN,10,BAIDURI,3508
105/33/11,105,PETALING JAYA,33,TAMAN MEDAN,11,PETALING UTAMA,1341
105/33/12,105,PETALING JAYA,33,TAMAN MEDAN,12,PJS 2,3537
105/33/13,105,PETALING JAYA,33,TAMAN MEDAN,13,PJS 2C/12,2389
105/33/14,105,PETALING JAYA,33,TAMAN MEDAN,14,PJS 2D,1963
105/33/15,105,PETALING JAYA,33,TAMAN MEDAN,15,KAMPUNG MEDAN,1857
105/33/16,105,PETALING JAYA,33,TAMAN MEDAN,16,PJS 2C,1768
105/34/01,105,PETALING JAYA,34,BUKIT GASING,01,SEKSYEN 17 UTARA,2638
105/34/02,105,PETALING JAYA,34,BUKIT GASING,02,SEKSYEN 17 BARAT,1712
105/34/03,105,PETALING JAYA,34,BUKIT GASING,03,SEKSYEN 17 TENGAH,2729
105/34/04,105,PETALING JAYA,34,BUKIT GASING,04,SEKSYEN 17 SELATAN,2309
105/34/05,105,PETALING JAYA,34,BUKIT GASING,05,SEKSYEN 16,942
105/34/06,105,PETALING JAYA,34,BUKIT GASING,06,JALAN BUKIT,3235
105/34/07,105,PETALING JAYA,34,BUKIT GASING,07,JALAN SEMANGAT,3214
105/34/08,105,PETALING JAYA,34,BUKIT GASING,08,SEKSYEN 5 UTARA,2218
105/34/09,105,PETALING JAYA,34,BUKIT GASING,09,TAMAN JAYA,1184
105/34/10,105,PETALING JAYA,34,BUKIT GASING,10,KAWASAN ASSUNTA CONVENT,1680
105/34/11,105,PETALING JAYA,34,BUKIT GASING,11,KAWASAN BANDAR BAHARU,1954
105/34/12,105,PETALING JAYA,34,BUKIT GASING,12,JALAN SUNGAI JERNIH,2489
105/34/13,105,PETALING JAYA,34,BUKIT GASING,13,SEKSYEN SATU PETALING JAYA,3356
105/34/14,105,PETALING JAYA,34,BUKIT GASING,14,KAWASAN BANGUNAN K.K.P.L,1546
105/34/15,105,PETALING JAYA,34,BUKIT GASING,15,SEKSYEN 5 SELATAN,2410
105/34/16,105,PETALING JAYA,34,BUKIT GASING,16,SEKSYEN 17A,1764
105/34/17,105,PETALING JAYA,34,BUKIT GASING,17,SEKSYEN 19,1802
105/34/18,105,PETALING JAYA,34,BUKIT GASING,18,SEKSYEN 14 UTARA,2137
105/34/19,105,PETALING JAYA,34,BUKIT GASING,19,SEKSYEN 14 SELATAN,1619
105/34/20,105,PETALING JAYA,34,BUKIT GASING,20,SEKSYEN 2 PETALING JAYA,1944
106/35/01,106,DAMANSARA,35,KAMPUNG TUNKU,01,SEKSYEN 21 TIMUR,2618
106/35/02,106,DAMANSARA,35,KAMPUNG TUNKU,02,SEKSYEN 20 UTARA,3067
106/35/03,106,DAMANSARA,35,KAMPUNG TUNKU,03,SEKSYEN 20 SELATAN,1737
106/35/04,106,DAMANSARA,35,KAMPUNG TUNKU,04,SEKSYEN 22,1761
106/35/05,106,DAMANSARA,35,KAMPUNG TUNKU,05,KAMPUNG TUNKU UTARA,2190
106/35/06,106,DAMANSARA,35,KAMPUNG TUNKU,06,KAMPUNG TUNKU SELATAN,2998
106/35/07,106,DAMANSARA,35,KAMPUNG TUNKU,07,SS 3 UTARA,2770
106/35/08,106,DAMANSARA,35,KAMPUNG TUNKU,08,SS 3 BARAT,2586
106/35/09,106,DAMANSARA,35,KAMPUNG TUNKU,09,SS 3 TIMUR,3190
106/35/10,106,DAMANSARA,35,KAMPUNG TUNKU,10,SUNGAI WAY UTARA,3575
106/35/11,106,DAMANSARA,35,KAMPUNG TUNKU,11,SUNGAI WAY TENGAH DUA,1205
106/35/12,106,DAMANSARA,35,KAMPUNG TUNKU,12,SUNGAI WAY TENGAH SATU,1004
106/35/13,106,DAMANSARA,35,KAMPUNG TUNKU,13,SUNGAI WAY SELATAN DUA,792
106/35/14,106,DAMANSARA,35,KAMPUNG TUNKU,14,SUNGAI WAY SELATAN SATU,1523
106/35/15,106,DAMANSARA,35,KAMPUNG TUNKU,15,SS2 UTARA,4242
106/35/16,106,DAMANSARA,35,KAMPUNG TUNKU,16,SS2 TENGAH,6202
106/35/17,106,DAMANSARA,35,KAMPUNG TUNKU,17,SS2 SELATAN,4649
106/35/18,106,DAMANSARA,35,KAMPUNG TUNKU,18,SEKSYEN 21 BARAT,1895
106/36/01,106,DAMANSARA,36,BANDAR UTAMA,01,SS 21 UTARA,2710
106/36/02,106,DAMANSARA,36,BANDAR UTAMA,02,SS 20,2767
106/36/03,106,DAMANSARA,36,BANDAR UTAMA,03,DAMANSARA JAYA UTARA,3076
106/36/04,106,DAMANSARA,36,BANDAR UTAMA,04,SS 23,2694
106/36/05,106,DAMANSARA,36,BANDAR UTAMA,05,SS 24,2288
106/36/06,106,DAMANSARA,36,BANDAR UTAMA,06,SS 26,2282
106/36/07,106,DAMANSARA,36,BANDAR UTAMA,07,KAMPUNG CHEMPAKA,5656
106/36/08,106,DAMANSARA,36,BANDAR UTAMA,08,SS 25,2091
106/36/09,106,DAMANSARA,36,BANDAR UTAMA,09,SS 4,4716
106/36/10,106,DAMANSARA,36,BANDAR UTAMA,10,SS 21 SELATAN,2279
106/36/11,106,DAMANSARA,36,BANDAR UTAMA,11,DAMANSARA JAYA SELATAN,2327
106/36/12,106,DAMANSARA,36,BANDAR UTAMA,12,BANDAR UTAMA BU 1 & BU2,2032
106/36/13,106,DAMANSARA,36,BANDAR UTAMA,13,SUNGAI KAYU ARA UTARA,3245
106/36/14,106,DAMANSARA,36,BANDAR UTAMA,14,BANDAR UTAMA BU3 - BU 10,3032
106/36/15,106,DAMANSARA,36,BANDAR UTAMA,15,BANDAR UTAMA BU 11 - BU 12,1935
106/36/16,106,DAMANSARA,36,BANDAR UTAMA,16,SUNGAI KAYU ARA SELATAN,1305
106/36/17,106,DAMANSARA,36,BANDAR UTAMA,17,KAYU ARA INDAH,988
106/36/18,106,DAMANSARA,36,BANDAR UTAMA,18,SUNWAY DAMANSARA PJU 3,2110
106/37/01,106,DAMANSARA,37,BUKIT LANJAN,01,DESA JAYA JALAN 1 - JALAN 19,2530
106/37/02,106,DAMANSARA,37,BUKIT LANJAN,02,SRI DAMANSARA JALAN SD1 - SD 5,4271
106/37/03,106,DAMANSARA,37,BUKIT LANJAN,03,SRI DAMANSARA JALAN SD7 - JALAN SD9,2949
106/37/04,106,DAMANSARA,37,BUKIT LANJAN,04,BUKIT LANJAN,3376
106/37/05,106,DAMANSARA,37,BUKIT LANJAN,05,DESA JAYA JALAN 20 - JALAN 38,2441
106/37/06,106,DAMANSARA,37,BUKIT LANJAN,06,DESA JAYA JALAN 39 - JALAN 56,1600
106/37/07,106,DAMANSARA,37,BUKIT LANJAN,07,DAMANSARA DAMAI PJU 10,2141
106/37/08,106,DAMANSARA,37,BUKIT LANJAN,08,SRI DAMANSARA JALAN SD 10,3998
106/37/09,106,DAMANSARA,37,BUKIT LANJAN,09,SRI DAMANSARA JALAN SD 12,577
106/37/10,106,DAMANSARA,37,BUKIT LANJAN,10,SAUJANA DAMANSARA PJU 10,2383
106/37/11,106,DAMANSARA,37,BUKIT LANJAN,11,TAMAN EHSAN JALAN 5,2306
106/37/12,106,DAMANSARA,37,BUKIT LANJAN,12,TAMAN EHSAN JALAN 2,2313
106/37/13,106,DAMANSARA,37,BUKIT LANJAN,13,DESA AMAN PURI,4993
106/37/14,106,DAMANSARA,37,BUKIT LANJAN,14,TAMAN EHSAN JALAN 4,2445
106/37/15,106,DAMANSARA,37,BUKIT LANJAN,15,SUNGAI BULOH,2714
106/37/16,106,DAMANSARA,37,BUKIT LANJAN,16,SELAYANG UTAMA,2445
106/37/17,106,DAMANSARA,37,BUKIT LANJAN,17,KEPONG UTARA,1781
106/37/18,106,DAMANSARA,37,BUKIT LANJAN,18,SELAYANG JAYA,3726
106/37/19,106,DAMANSARA,37,BUKIT LANJAN,19,TAMAN DAYA,2196
106/37/20,106,DAMANSARA,37,BUKIT LANJAN,20,TAMAN INDAH PERDANA,1322
106/37/21,106,DAMANSARA,37,BUKIT LANJAN,21,TAMAN BIDARA,2395
107/38/01,107,SUNGAI BULOH,38,PAYA JARAS,01,PETEMPATAN SUNGAI BULOH,3904
107/38/02,107,SUNGAI BULOH,38,PAYA JARAS,02,BANDAR BARU SUNGAI BULOH UTARA,3182
107/38/03,107,SUNGAI BULOH,38,PAYA JARAS,03,BUKIT RAHMAN PUTRA,3386
107/38/04,107,SUNGAI BULOH,38,PAYA JARAS,04,MERBAU SEMPAK,2844
107/38/05,107,SUNGAI BULOH,38,PAYA JARAS,05,PAYA JARAS,4541
107/38/06,107,SUNGAI BULOH,38,PAYA JARAS,06,BANDAR BARU SUNGAI BULOH SELATAN,3029
107/38/07,107,SUNGAI BULOH,38,PAYA JARAS,07,SUNGAI PELONG,1560
107/38/08,107,SUNGAI BULOH,38,PAYA JARAS,08,PAYA JARAS HILIR,1837
107/38/09,107,SUNGAI BULOH,38,PAYA JARAS,09,MATANG PAGAR,2215
107/38/10,107,SUNGAI BULOH,38,PAYA JARAS,10,KUBU GAJAH,2880
107/38/11,107,SUNGAI BULOH,38,PAYA JARAS,11,KEM SUNGAI BULOH,1547
107/38/12,107,SUNGAI BULOH,38,PAYA JARAS,12,TAMAN SAUJANA UTAMA,3117
107/39/01,107,SUNGAI BULOH,39,KOTA DAMANSARA,01,KAMPUNG BAHARU SUNGAI BULOH SEKOLAH,3045
107/39/02,107,SUNGAI BULOH,39,KOTA DAMANSARA,02,KAMPUNG BAHARU SUNGAI BULOH DEWAN,1867
107/39/03,107,SUNGAI BULOH,39,KOTA DAMANSARA,03,RRI SUNGAI BULOH,1694
107/39/04,107,SUNGAI BULOH,39,KOTA DAMANSARA,04,PINGGIRAN SUBANG,1821
107/39/05,107,SUNGAI BULOH,39,KOTA DAMANSARA,05,TAMAN SUBANG BARU,2330
107/39/06,107,SUNGAI BULOH,39,KOTA DAMANSARA,06,KAMPUNG MELAYU SUBANG,3155
107/39/07,107,SUNGAI BULOH,39,KOTA DAMANSARA,07,SUBANG PERDANA,2354
107/39/08,107,SUNGAI BULOH,39,KOTA DAMANSARA,08,KOTA DAMANSARA SEKSYEN 4 DAN 5,4026
107/39/09,107,SUNGAI BULOH,39,KOTA DAMANSARA,09,LTSSAAS SUBANG,949
107/39/10,107,SUNGAI BULOH,39,KOTA DAMANSARA,10,KAMPUNG BAHARU SUBANG,3132
107/39/11,107,SUNGAI BULOH,39,KOTA DAMANSARA,11,KOTA DAMANSARA SEKSYEN 7,3570
107/39/12,107,SUNGAI BULOH,39,KOTA DAMANSARA,12,JALAN MERBAU KAMPUNG MELAYU SUBANG,2102
107/39/13,107,SUNGAI BULOH,39,KOTA DAMANSARA,13,MUTIARA SUBANG,3318
107/39/14,107,SUNGAI BULOH,39,KOTA DAMANSARA,14,KOTA DAMANSARA SEKSYEN 6,3008
107/39/15,107,SUNGAI BULOH,39,KOTA DAMANSARA,15,KOTA DAMANSARA SEKSYEN 8 DAN 9,1673
107/39/16,107,SUNGAI BULOH,39,KOTA DAMANSARA,16,KOTA DAMANSARA SEKSYEN 10 DAN 11,1362
108/40/01,108,SHAH ALAM,40,KOTA ANGGERIK,01,SETIA ALAM,1909
108/40/02,108,SHAH ALAM,40,KOTA ANGGERIK,02,MONTEREZ,1700
108/40/03,108,SHAH ALAM,40,KOTA ANGGERIK,03,SHAH ALAM S 9,3576
108/40/04,108,SHAH ALAM,40,KOTA ANGGERIK,04,SHAH ALAM S 8,4289
108/40/05,108,SHAH ALAM,40,KOTA ANGGERIK,05,SHAH ALAM S 1 & S 7/23-7/76,2149
108/40/06,108,SHAH ALAM,40,KOTA ANGGERIK,06,SHAH ALAM S 6,2430
108/40/07,108,SHAH ALAM,40,KOTA ANGGERIK,07,SHAH ALAM S 3,1072
108/40/08,108,SHAH ALAM,40,KOTA ANGGERIK,08,SHAH ALAM S 2,1852
108/40/09,108,SHAH ALAM,40,KOTA ANGGERIK,09,SHAH ALAM S 4 & S 5,2087
108/40/10,108,SHAH ALAM,40,KOTA ANGGERIK,10,SHAH ALAM S 10,1362
108/40/11,108,SHAH ALAM,40,KOTA ANGGERIK,11,"SHAH ALAM S 11, S 12 & S 14",3727
108/40/12,108,SHAH ALAM,40,KOTA ANGGERIK,12,SHAH ALAM S 15 & S 16,1764
108/40/13,108,SHAH ALAM,40,KOTA ANGGERIK,13,MUTIARA BUKIT RAJA,778
108/40/14,108,SHAH ALAM,40,KOTA ANGGERIK,14,PANGSAPURI S7,3023
108/40/15,108,SHAH ALAM,40,KOTA ANGGERIK,15,BUKIT JELUTONG U8,2837
108/40/16,108,SHAH ALAM,40,KOTA ANGGERIK,16,SHAH ALAM S 13,1703
108/40/17,108,SHAH ALAM,40,KOTA ANGGERIK,17,APARTMENT S16,2711
108/40/18,108,SHAH ALAM,40,KOTA ANGGERIK,18,BUKIT BANDARAYA,299
108/40/19,108,SHAH ALAM,40,KOTA ANGGERIK,19,BUKIT SUBANG,1232
108/40/20,108,SHAH ALAM,40,KOTA ANGGERIK,20,SHAH ALAM S 7/1-7/22,988
108/40/21,108,SHAH ALAM,40,KOTA ANGGERIK,21,KAMPUNG BUDIMAN,615
108/41/01,108,SHAH ALAM,41,BATU TIGA,01,TAMAN BATU TIGA,1634
108/41/02,108,SHAH ALAM,41,BATU TIGA,02,KAMPUNG KEBUN BUNGA,864
108/41/03,108,SHAH ALAM,41,BATU TIGA,03,PINGGIRAN USJ,1091
108/41/04,108,SHAH ALAM,41,BATU TIGA,04,SHAH ALAM S 20 - S 23,4301
108/41/05,108,SHAH ALAM,41,BATU TIGA,05,SHAH ALAM S 19/15-19/31,1801
108/41/06,108,SHAH ALAM,41,BATU TIGA,06,SHAH ALAM S 19/1-19/14,3363
108/41/07,108,SHAH ALAM,41,BATU TIGA,07,SHAH ALAM S 24/1-24/38,3473
108/41/08,108,SHAH ALAM,41,BATU TIGA,08,APARTMENT S 24,2912
108/41/09,108,SHAH ALAM,41,BATU TIGA,09,SHAH ALAM S 17 TIMUR,4148
108/41/10,108,SHAH ALAM,41,BATU TIGA,10,PADANG JAWA,4513
108/41/11,108,SHAH ALAM,41,BATU TIGA,11,SUNGAI RASAU,1369
108/41/12,108,SHAH ALAM,41,BATU TIGA,12,KAMPUNG KUANTAN,2923
108/41/13,108,SHAH ALAM,41,BATU TIGA,13,TAMAN KAMPUNG KUANTAN,910
108/41/14,108,SHAH ALAM,41,BATU TIGA,14,SHAH ALAM S 17 BARAT,2684
108/41/15,108,SHAH ALAM,41,BATU TIGA,15,RIMBA JAYA,1918
108/41/16,108,SHAH ALAM,41,BATU TIGA,16,SHAH ALAM S 18 BARAT 1,2629
108/41/17,108,SHAH ALAM,41,BATU TIGA,17,SHAH ALAM S 18 TIMUR,2921
108/41/18,108,SHAH ALAM,41,BATU TIGA,18,SHAH ALAM S 18 BARAT 2,2541
108/41/19,108,SHAH ALAM,41,BATU TIGA,19,SHAH ALAM S 19/32-19/50,2506
108/41/20,108,SHAH ALAM,41,BATU TIGA,20,SHAH ALAM S 24,753
109/42/01,109,KAPAR,42,MERU,01,KAMPUNG MERU,1739
109/42/02,109,KAPAR,42,MERU,02,KAMPUNG HAJI SHARIFF,2694
109/42/03,109,KAPAR,42,MERU,03,KAMPUNG NENAS,4738
109/42/04,109,KAPAR,42,MERU,04,PEKAN MERU,3304
109/42/05,109,KAPAR,42,MERU,05,JALAN HAJI SALLEH,5080
109/42/06,109,KAPAR,42,MERU,06,TAMAN MERU INDAH,1174
109/42/07,109,KAPAR,42,MERU,07,PEKAN KAPAR,2235
109/42/08,109,KAPAR,42,MERU,08,BATU 9 KAPAR,2746
109/42/09,109,KAPAR,42,MERU,09,BATU 10 KAPAR,3211
109/42/10,109,KAPAR,42,MERU,10,SUNGAI KAPAR INDAH,2822
109/42/11,109,KAPAR,42,MERU,11,TAMAN KAPAR INDAH,1823
109/43/01,109,KAPAR,43,SEMENTA,01,KAMPUNG SUNGAI SERDANG,2187
109/43/02,109,KAPAR,43,SEMENTA,02,KAMPUNG TOK MUDA,1845
109/43/03,109,KAPAR,43,SEMENTA,03,PEREPAT,2886
109/43/04,109,KAPAR,43,SEMENTA,04,SEMENTA,2783
109/43/05,109,KAPAR,43,SEMENTA,05,KAMPUNG BATU EMPAT,2894
109/43/06,109,KAPAR,43,SEMENTA,06,BATU 11 & 12 KAPAR,2465
109/43/07,109,KAPAR,43,SEMENTA,07,TAMAN SRI KERAYONG,794
109/43/08,109,KAPAR,43,SEMENTA,08,TAMAN CHEMPAKA SARI,1656
109/43/09,109,KAPAR,43,SEMENTA,09,KAPAR,696
109/43/10,109,KAPAR,43,SEMENTA,10,BUKIT KAPAR UTARA,2657
109/43/11,109,KAPAR,43,SEMENTA,11,BUKIT KAPAR SELATAN,4136
109/43/12,109,KAPAR,43,SEMENTA,12,KAMPUNG SUNGAI PINANG,1666
109/43/13,109,KAPAR,43,SEMENTA,13,RANTAU PANJANG,3873
109/43/14,109,KAPAR,43,SEMENTA,14,KAMPUNG BATU TIGA,2862
109/43/15,109,KAPAR,43,SEMENTA,15,TELUK KAPAS,2231
109/43/16,109,KAPAR,43,SEMENTA,16,TAMAN KLANG PERDANA,1458
109/44/01,109,KAPAR,44,SELAT KLANG,01,SUNGAI UDANG UTARA,1837
109/44/02,109,KAPAR,44,SELAT KLANG,02,JALAN YADI,4308
109/44/03,109,KAPAR,44,SELAT KLANG,03,KAMPONG DELEK,1500
109/44/04,109,KAPAR,44,SELAT KLANG,04,SUNGAI SIRIH,1631
109/44/05,109,KAPAR,44,SELAT KLANG,05,KUALA KLANG,994
109/44/06,109,KAPAR,44,SELAT KLANG,06,SRI PERANTAU,3096
109/44/07,109,KAPAR,44,SELAT KLANG,07,TANJONG KLANG,389
109/44/08,109,KAPAR,44,SELAT KLANG,08,SUNGAI LIMA,782
109/44/09,109,KAPAR,44,SELAT KLANG,09,BANDAR PULAU KETAM,2455
109/44/10,109,KAPAR,44,SELAT KLANG,10,BAGAN TEO CHEW,1144
109/44/11,109,KAPAR,44,SELAT KLANG,11,SUNGAI UDANG SELATAN,5072
109/44/12,109,KAPAR,44,SELAT KLANG,12,KAMPONG DELEK KANAN,2449
109/44/13,109,KAPAR,44,SELAT KLANG,13,KAMPONG DELEK KIRI,2754
109/44/14,109,KAPAR,44,SELAT KLANG,14,BANDAR SULTAN SULAIMAN,3390
110/45/01,110,KLANG,45,BANDAR BARU KLANG,01,TAMAN ENG ANN 1,2963
110/45/02,110,KLANG,45,BANDAR BARU KLANG,02,PERSIARAN SULTAN IBRAHIM 2,2740
110/45/03,110,KLANG,45,BANDAR BARU KLANG,03,BANDAR KLANG,2679
110/45/04,110,KLANG,45,BANDAR BARU KLANG,04,SUNGAI PINANG SELATAN,841
110/45/05,110,KLANG,45,BANDAR BARU KLANG,05,PASAR JAWA,2463
110/45/06,110,KLANG,45,BANDAR BARU KLANG,06,JALAN GOH HOCK HUAT,1770
110/45/07,110,KLANG,45,BANDAR BARU KLANG,07,PERSIARAN SULTAN IBRAHIM 1,2383
110/45/08,110,KLANG,45,BANDAR BARU KLANG,08,TAMAN ENG ANN 2,1129
110/45/09,110,KLANG,45,BANDAR BARU KLANG,09,TAMAN BERKELEY,3765
110/45/10,110,KLANG,45,BANDAR BARU KLANG,10,BANDAR BARU KLANG,732
110/45/11,110,KLANG,45,BANDAR BARU KLANG,11,BUKIT KUDA,3011
110/45/12,110,KLANG,45,BANDAR BARU KLANG,12,KAMPUNG BATU BELAH,4873
110/45/13,110,KLANG,45,BANDAR BARU KLANG,13,TAMAN KLANG,2273
110/45/14,110,KLANG,45,BANDAR BARU KLANG,14,JALAN MERU,1327
110/45/15,110,KLANG,45,BANDAR BARU KLANG,15,KLANG KAWASAN 19,5135
110/45/16,110,KLANG,45,BANDAR BARU KLANG,16,TAMAN KLANG UTAMA 1,3014
110/45/17,110,KLANG,45,BANDAR BARU KLANG,17,TAMAN KLANG UTAMA 2,3128
110/45/18,110,KLANG,45,BANDAR BARU KLANG,18,SUNGAI BERTIH SELATAN,4478
110/45/19,110,KLANG,45,BANDAR BARU KLANG,19,SUNGAI BERTIH UTARA,4050
110/46/01,110,KLANG,46,PELABUHAN KLANG,01,KAMPUNG PENDAMAR,1769
110/46/02,110,KLANG,46,PELABUHAN KLANG,02,KAMPUNG IDAMAN,2757
110/46/03,110,KLANG,46,PELABUHAN KLANG,03,JALAN PADANG,676
110/46/04,110,KLANG,46,PELABUHAN KLANG,04,KAWASAN PELABUHAN,2173
110/46/05,110,KLANG,46,PELABUHAN KLANG,05,JALAN KEM,3119
110/46/06,110,KLANG,46,PELABUHAN KLANG,06,TELUK GONG UTARA,1222
110/46/07,110,KLANG,46,PELABUHAN KLANG,07,PULAU INDAH UTARA,2053
110/46/08,110,KLANG,46,PELABUHAN KLANG,08,PULAU INDAH SELATAN,1008
110/46/09,110,KLANG,46,PELABUHAN KLANG,09,PANDAMARAN JAYA JALAN 1-12,2842
110/46/10,110,KLANG,46,PELABUHAN KLANG,10,TELUK GONG SELATAN,3872
110/46/11,110,KLANG,46,PELABUHAN KLANG,11,PANDAMARAN JAYA JALAN 13-100,2780
110/46/12,110,KLANG,46,PELABUHAN KLANG,12,SERI PENDAMAR,1168
110/46/13,110,KLANG,46,PELABUHAN KLANG,13,PANDAMARAN JAYA APARTMENT,2309
110/46/14,110,KLANG,46,PELABUHAN KLANG,14,SELAT SELATAN,856
110/47/01,110,KLANG,47,PANDAMARAN,01,KAMPUNG RAJA UDA TIMUR,3693
110/47/02,110,KLANG,47,PANDAMARAN,02,KOMPLEKS SUKAN PANDAMARAN,1986
110/47/03,110,KLANG,47,PANDAMARAN,03,KAWASAN SEKOLAH CINA 'B',3057
110/47/04,110,KLANG,47,PANDAMARAN,04,KAWASAN SEKOLAH CINA 'A',4115
110/47/05,110,KLANG,47,PANDAMARAN,05,PANDAMARAN,3187
110/47/06,110,KLANG,47,PANDAMARAN,06,JALAN TENGKU BADAR UTARA,3067
110/47/07,110,KLANG,47,PANDAMARAN,07,JALAN TENGKU BADAR SELATAN,333
110/47/08,110,KLANG,47,PANDAMARAN,08,KAMPUNG RAJA UDA BARAT,1360
110/47/09,110,KLANG,47,PANDAMARAN,09,JALAN KASTAM,2418
110/47/10,110,KLANG,47,PANDAMARAN,10,TENGKU BENDAHARA AZMAN,2398
110/47/11,110,KLANG,47,PANDAMARAN,11,RAJA LUMU,2273
110/47/12,110,KLANG,47,PANDAMARAN,12,SUNGAI AUR,2050
110/47/13,110,KLANG,47,PANDAMARAN,13,TELUK PULAI UTARA,2246
110/47/14,110,KLANG,47,PANDAMARAN,14,KAMPUNG ATTAP,1056
110/47/15,110,KLANG,47,PANDAMARAN,15,JALAN TENGKU KELANA,1178
110/47/16,110,KLANG,47,PANDAMARAN,16,BUKIT ISTANA,1570
110/47/17,110,KLANG,47,PANDAMARAN,17,SIMPANG TUJUH,2034
110/47/18,110,KLANG,47,PANDAMARAN,18,TAMAN GEMBIRA 1,3523
110/47/19,110,KLANG,47,PANDAMARAN,19,TAMAN SELATAN 1,2384
110/47/20,110,KLANG,47,PANDAMARAN,20,TELUK GADUNG BESAR,2481
110/47/21,110,KLANG,47,PANDAMARAN,21,TAMAN CHI LIUNG,3141
110/47/22,110,KLANG,47,PANDAMARAN,22,TELUK PULAI SELATAN,1503
110/47/23,110,KLANG,47,PANDAMARAN,23,TAMAN SELATAN 2,2217
110/47/24,110,KLANG,47,PANDAMARAN,24,TAMAN BAYU PERDANA,4334
110/47/25,110,KLANG,47,PANDAMARAN,25,TAMAN GEMBIRA 2,2313
111/48/01,111,KOTA RAJA,48,KOTA ALAM SHAH,01,TAMAN KLANG JAYA 1,3572
111/48/02,111,KOTA RAJA,48,KOTA ALAM SHAH,02,SENTOSA DATO YUSOF SHAHBUDDIN,4069
111/48/03,111,KOTA RAJA,48,KOTA ALAM SHAH,03,TAMAN DESAWAN,2198
111/48/04,111,KOTA RAJA,48,KOTA ALAM SHAH,04,SENTOSA DATO ABDUL HAMID 1,4471
111/48/05,111,KOTA RAJA,48,KOTA ALAM SHAH,05,SENTOSA DATO DAGANG ,4941
111/48/06,111,KOTA RAJA,48,KOTA ALAM SHAH,06,TAMAN KLANG JAYA 2,2042
111/48/07,111,KOTA RAJA,48,KOTA ALAM SHAH,07,SENTOSA DATO ABDUL HAMID 2,1374
111/48/08,111,KOTA RAJA,48,KOTA ALAM SHAH,08,BANDAR BUKIT TINGGI 1,2918
111/48/09,111,KOTA RAJA,48,KOTA ALAM SHAH,09,TAMAN MAZNAH,5571
111/48/10,111,KOTA RAJA,48,KOTA ALAM SHAH,10,BATU 4 JALAN KEBUN,1246
111/48/11,111,KOTA RAJA,48,KOTA ALAM SHAH,11,TAMAN MENARA MAJU,2013
111/48/12,111,KOTA RAJA,48,KOTA ALAM SHAH,12,BANDAR BUKIT TINGGI 2,2652
111/48/13,111,KOTA RAJA,48,KOTA ALAM SHAH,13,BANDAR BOTANIC,4194
111/49/01,111,KOTA RAJA,49,SERI ANDALAS,01,SEKSYEN 34 SHAH ALAM,1059
111/49/02,111,KOTA RAJA,49,SERI ANDALAS,02,SUNGAI KANDIS,1766
111/49/03,111,KOTA RAJA,49,SERI ANDALAS,03,TELUK MENEGUN,2609
111/49/04,111,KOTA RAJA,49,SERI ANDALAS,04,LLN CONNOUGHT BRIDGE,1943
111/49/05,111,KOTA RAJA,49,SERI ANDALAS,05,KAMPUNG PANDAN,858
111/49/06,111,KOTA RAJA,49,SERI ANDALAS,06,KAMPUNG JAWA,3326
111/49/07,111,KOTA RAJA,49,SERI ANDALAS,07,KOTA RAJA,2814
111/49/08,111,KOTA RAJA,49,SERI ANDALAS,08,TAMAN SERI ANDALAS 1,5345
111/49/09,111,KOTA RAJA,49,SERI ANDALAS,09,TAMAN SERI ANDALAS 2,3206
111/49/10,111,KOTA RAJA,49,SERI ANDALAS,10,BUKIT JATI,2318
111/49/11,111,KOTA RAJA,49,SERI ANDALAS,11,TAMAN SERI ANDALAS 3,3070
111/49/12,111,KOTA RAJA,49,SERI ANDALAS,12,JALAN RAYA TIMUR,324
111/49/13,111,KOTA RAJA,49,SERI ANDALAS,13,BANDAR PUTERI KLANG,2041
111/49/14,111,KOTA RAJA,49,SERI ANDALAS,14,JALAN KEBUN,3398
111/49/15,111,KOTA RAJA,49,SERI ANDALAS,15,JOHAN SETIA,3478
111/49/16,111,KOTA RAJA,49,SERI ANDALAS,16,SERI GAMBUT,950
111/49/17,111,KOTA RAJA,49,SERI ANDALAS,17,KAMPUNG BUKIT NAGA,940
111/49/18,111,KOTA RAJA,49,SERI ANDALAS,18,HAJI HUSIN JALAN KEBUN,1396
111/49/19,111,KOTA RAJA,49,SERI ANDALAS,19,TAMAN BERJAYA,682
111/50/01,111,KOTA RAJA,50,SRI MUDA,01,SHAH ALAM S 27 A,2605
111/50/02,111,KOTA RAJA,50,SRI MUDA,02,SHAH ALAM S 28,2320
111/50/03,111,KOTA RAJA,50,SRI MUDA,03,SRI MUDA 1,4649
111/50/04,111,KOTA RAJA,50,SRI MUDA,04,SRI MUDA 2 UTARA,3797
111/50/05,111,KOTA RAJA,50,SRI MUDA,05,BUKIT KEMUNING,3284
111/50/06,111,KOTA RAJA,50,SRI MUDA,06,KAMPUNG BARU HICOM,743
111/50/07,111,KOTA RAJA,50,SRI MUDA,07,PUTRA HEIGHT,4378
111/50/08,111,KOTA RAJA,50,SRI MUDA,08,SRI MUDA 2 SELATAN,3718
111/50/09,111,KOTA RAJA,50,SRI MUDA,09,KOTA KEMUNING JALAN 31/1 - 31/80,2901
111/50/10,111,KOTA RAJA,50,SRI MUDA,10,BUKIT RIMAU,2434
111/50/11,111,KOTA RAJA,50,SRI MUDA,11,SHAH ALAM S 27 B,2684
111/50/12,111,KOTA RAJA,50,SRI MUDA,12,APARTMENT S 28,1903
111/50/13,111,KOTA RAJA,50,SRI MUDA,13,KOTA KEMUNING JALAN 31/81 - 31/170,1646
111/50/14,111,KOTA RAJA,50,SRI MUDA,14,SHAH ALAM S 26,1280
112/51/01,112,KUALA LANGAT,51,SIJANGKANG,01,SIJANGKANG UTARA,2505
112/51/02,112,KUALA LANGAT,51,SIJANGKANG,02,SIJANGKANG DALAM UTARA,2963
112/51/03,112,KUALA LANGAT,51,SIJANGKANG,03,SIJANGKANG DALAM SELATAN,1293
112/51/04,112,KUALA LANGAT,51,SIJANGKANG,04,SIJANGKANG SELATAN,2500
112/51/05,112,KUALA LANGAT,51,SIJANGKANG,05,BATU 9 KEBUN BAHARU,2869
112/51/06,112,KUALA LANGAT,51,SIJANGKANG,06,TELUK 1,2782
112/51/07,112,KUALA LANGAT,51,SIJANGKANG,07,LADANG CAREY BARAT,881
112/51/08,112,KUALA LANGAT,51,SIJANGKANG,08,LADANG CAREY SELATAN,384
112/51/09,112,KUALA LANGAT,51,SIJANGKANG,09,LADANG CAREY TIMUR,596
112/51/10,112,KUALA LANGAT,51,SIJANGKANG,10,TELUK 2,1887
112/51/11,112,KUALA LANGAT,51,SIJANGKANG,11,SUNGAI BUMBUN,729
112/51/12,112,KUALA LANGAT,51,SIJANGKANG,12,BATU 10 KEBUN BAHARU,2576
112/51/13,112,KUALA LANGAT,51,SIJANGKANG,13,SIJANGKANG JAYA,2510
112/51/14,112,KUALA LANGAT,51,SIJANGKANG,14,TAMAN PANGLIMA,1528
112/51/15,112,KUALA LANGAT,51,SIJANGKANG,15,BUKIT KEMANDUL,426
112/51/16,112,KUALA LANGAT,51,SIJANGKANG,16,SERI CHEEDING,1919
112/51/17,112,KUALA LANGAT,51,SIJANGKANG,17,BUKIT CHEEDING (A),629
112/51/18,112,KUALA LANGAT,51,SIJANGKANG,18,KAMPUNG JENJARUM,3524
112/51/19,112,KUALA LANGAT,51,SIJANGKANG,19,BANDAR SAUJANA PUTRA,867
112/52/01,112,KUALA LANGAT,52,BANTING,01,JENJARUM TEMPATAN KEDUA,1540
112/52/02,112,KUALA LANGAT,52,BANTING,02,JENJARUM TEMPATAN KETIGA,3222
112/52/03,112,KUALA LANGAT,52,BANTING,03,JENJARUM TEMPATAN KEEMPAT,1632
112/52/04,112,KUALA LANGAT,52,BANTING,04,KOTA SRI LANGAT,1394
112/52/05,112,KUALA LANGAT,52,BANTING,05,SUNGAI MANGGIS UTARA,2057
112/52/06,112,KUALA LANGAT,52,BANTING,06,SUNGAI MANGGIS SELATAN,957
112/52/07,112,KUALA LANGAT,52,BANTING,07,TELUK DATUK,2265
112/52/08,112,KUALA LANGAT,52,BANTING,08,TELUK BUNUT,4690
112/52/09,112,KUALA LANGAT,52,BANTING,09,JENJARUM,3638
112/52/10,112,KUALA LANGAT,52,BANTING,10,JENJARUM TEMPATAN PERTAMA,1166
112/52/11,112,KUALA LANGAT,52,BANTING,11,BANTING JAYA,1594
112/52/12,112,KUALA LANGAT,52,BANTING,12,PULAU BANTING,900
112/52/13,112,KUALA LANGAT,52,BANTING,13,PEKAN BANTING,3266
112/53/01,112,KUALA LANGAT,53,MORIB,01,SUNGAI BUAYA,1432
112/53/02,112,KUALA LANGAT,53,MORIB,02,SUNGAI BUAYA TENGAH,1704
112/53/03,112,KUALA LANGAT,53,MORIB,03,BANDAR,1645
112/53/04,112,KUALA LANGAT,53,MORIB,04,JUGRA,3081
112/53/05,112,KUALA LANGAT,53,MORIB,05,SUNGAI RABA,1432
112/53/06,112,KUALA LANGAT,53,MORIB,06,KANCHONG,2673
112/53/07,112,KUALA LANGAT,53,MORIB,07,KELANANG,2545
112/53/08,112,KUALA LANGAT,53,MORIB,08,KANCHONG TIMUR,3096
112/53/09,112,KUALA LANGAT,53,MORIB,09,KANCHONG TENGAH,688
112/53/10,112,KUALA LANGAT,53,MORIB,10,SIMPANG MORIB,1109
112/53/11,112,KUALA LANGAT,53,MORIB,11,MORIB,1875
112/53/12,112,KUALA LANGAT,53,MORIB,12,SRI PUTRA,4962
112/53/13,112,KUALA LANGAT,53,MORIB,13,TAMAN KEMUNING,1144
113/54/01,113,SEPANG,54,TANJONG SEPAT,01,BUKIT BANGKUNG,1930
113/54/02,113,SEPANG,54,TANJONG SEPAT,02,SUNGAI RAWANG,1153
113/54/03,113,SEPANG,54,TANJONG SEPAT,03,TANJONG RHU,1155
113/54/04,113,SEPANG,54,TANJONG SEPAT,04,TANJONG SEPAT TEMPATAN 1,2225
113/54/05,113,SEPANG,54,TANJONG SEPAT,05,TANJONG SEPAT TEMPATAN 2,1400
113/54/06,113,SEPANG,54,TANJONG SEPAT,06,TANJONG SEPAT TEMPATAN 3,238
113/54/07,113,SEPANG,54,TANJONG SEPAT,07,TANJONG SEPAT TEMPATAN 4,477
113/54/08,113,SEPANG,54,TANJONG SEPAT,08,TANJONG SEPAT TEMPATAN 5,570
113/54/09,113,SEPANG,54,TANJONG SEPAT,09,TANJONG SEPAT 6,3038
113/54/10,113,SEPANG,54,TANJONG SEPAT,10,KUNDANG,1311
113/54/11,113,SEPANG,54,TANJONG SEPAT,11,BATU LAUT,2937
113/54/12,113,SEPANG,54,TANJONG SEPAT,12,KAMPUNG ENDAH,1807
113/54/13,113,SEPANG,54,TANJONG SEPAT,13,SUNGAI LANG,2471
113/54/14,113,SEPANG,54,TANJONG SEPAT,14,SUNGAI KELAMBU,1314
113/55/01,113,SEPANG,55,DENGKIL,01,SUNGAI LEMPIT,2459
113/55/02,113,SEPANG,55,DENGKIL,02,BUKIT CANGGANG,3445
113/55/03,113,SEPANG,55,DENGKIL,03,LABUHAN DAGANG,3236
113/55/04,113,SEPANG,55,DENGKIL,04,AMPAR TENANG,802
113/55/05,113,SEPANG,55,DENGKIL,05,KAMPUNG BAHARU DENGKIL,1574
113/55/06,113,SEPANG,55,DENGKIL,06,KAMPUNG DENGKIL,2916
113/55/07,113,SEPANG,55,DENGKIL,07,PULAU MERANTI,2761
113/55/08,113,SEPANG,55,DENGKIL,08,SUNGAI MERAB UTARA,437
113/55/09,113,SEPANG,55,DENGKIL,09,KAMPUNG DATO ABU BAKAR BAGINDA,1933
113/55/10,113,SEPANG,55,DENGKIL,10,SUNGAI MERAB,3179
113/55/11,113,SEPANG,55,DENGKIL,11,DESA PUTRA,1112
113/55/12,113,SEPANG,55,DENGKIL,12,JENDERAM HILIR,1696
113/55/13,113,SEPANG,55,DENGKIL,13,SUNGAI BUAH,882
113/55/14,113,SEPANG,55,DENGKIL,14,RTB DATOK HARUN,621
113/55/15,113,SEPANG,55,DENGKIL,15,LADANG AMPAR TENANG,1245
113/55/16,113,SEPANG,55,DENGKIL,16,KAMPUNG MELOT,359
113/55/17,113,SEPANG,55,DENGKIL,17,BANDAR PUTRA PERDANA,3592
113/55/18,113,SEPANG,55,DENGKIL,18,TAMAN PERMATA DENGKIL,1600
113/55/19,113,SEPANG,55,DENGKIL,19,DESA AIR HITAM,2026
113/55/20,113,SEPANG,55,DENGKIL,20,CYBERJAYA,226
113/55/21,113,SEPANG,55,DENGKIL,21,SELANGOR DREDGING,1557
113/55/22,113,SEPANG,55,DENGKIL,22,DESA PINGGIRAN PUTRA,1094
113/55/23,113,SEPANG,55,DENGKIL,23,KOTA WARISAN,628
113/56/01,113,SEPANG,56,SUNGAI PELEK,01,JENDERAM HULU,1538
113/56/02,113,SEPANG,56,SUNGAI PELEK,02,SALAK,2620
113/56/03,113,SEPANG,56,SUNGAI PELEK,03,SALAK JIJAN,1177
113/56/04,113,SEPANG,56,SUNGAI PELEK,04,LOTHIAN TIMUR,684
113/56/05,113,SEPANG,56,SUNGAI PELEK,05,SEPANG UTARA,1886
113/56/06,113,SEPANG,56,SUNGAI PELEK,06,SEPANG SELATAN,2325
113/56/07,113,SEPANG,56,SUNGAI PELEK,07,HULU CUCUH,1154
113/56/08,113,SEPANG,56,SUNGAI PELEK,08,BAGAN LALANG,1261
113/56/09,113,SEPANG,56,SUNGAI PELEK,09,SUNGAI PELEK TIGA,1169
113/56/10,113,SEPANG,56,SUNGAI PELEK,10,SUNGAI PELEK DUA,3867
113/56/11,113,SEPANG,56,SUNGAI PELEK,11,SUNGAI PELEK EMPAT,1788
113/56/12,113,SEPANG,56,SUNGAI PELEK,12,BANDAR BARU SALAK TINGGI,2895
113/56/13,113,SEPANG,56,SUNGAI PELEK,13,TAMAN SEROJA,1039
113/56/14,113,SEPANG,56,SUNGAI PELEK,14,TAMAN MAWAR,586