name,nama_dm,par_lama,dun_lama,state,parliament,dun,koddm,ge13_voter,2015_q3_vo
098/17/09,SRI GOMBAK 1,P098,N17,SELANGOR,GOMBAK,GOMBAK SETIA,9,3449,3570
094/06/04,KAMPUNG BAHARU CHINA K.K.B,P094,N06,SELANGOR,HULU SELANGOR,KUALA KUBU BAHARU,4,1993,1963
106/36/16,SS 21 SELATAN,P106,N36,SELANGOR,PETALING JAYA UTARA,DAMANSARA UTAMA,16,2300,2279
098/17/04,TAMAN GREENWOOD,P098,N17,SELANGOR,GOMBAK,GOMBAK SETIA,4,3176,3195
106/35/09,SS 3 TIMUR,P106,N35,SELANGOR,PETALING JAYA UTARA,KAMPUNG TUNKU,9,3257,3194
106/35/12,SUNGAI WAY TENGAH SATU,P106,N35,SELANGOR,PETALING JAYA UTARA,KAMPUNG TUNKU,12,1044,1026
096/12/17,JERAM PANTAI,P096,N12,SELANGOR,KUALA SELANGOR,JERAM,17,1043,1038
112/53/12,KANCHONG TENGAH,P112,N53,SELANGOR,KUALA LANGAT,MORIB,12,686,684
104/31/20,USJ 14 & 15,P104,N31,SELANGOR,KELANA JAYA,SUBANG JAYA,20,1786,1830
110/48/03,JALAN TENGKU KELANA,P110,N48,SELANGOR,KLANG,KOTA ALAM SHAH,3,1374,1314
102/26/07,SEKSYEN 6 BBB,P102,N26,SELANGOR,SERDANG,BANGI,7,4190,4237
101/25/09,SUNGAI CHUA DUA,P101,N25,SELANGOR,HULU LANGAT,KAJANG,9,2612,2590
101/24/16,SUNGAI KEMBUNG,P101,N24,SELANGOR,HULU LANGAT,SEMENYIH,16,1493,1488
101/24/09,RINCHING HULU,P101,N24,SELANGOR,HULU LANGAT,SEMENYIH,9,4705,4931
100/22/05,TAMAN MUDA TIMUR,P100,N22,SELANGOR,PANDAN,TERATAI,5,2475,2443
104/31/17,USJ 11,P104,N31,SELANGOR,KELANA JAYA,SUBANG JAYA,17,3669,3731
095/09/03,BATANG BERJUNTAI SATU,P095,N09,SELANGOR,TANJONG KARANG,PERMATANG,3,1718,1688
102/28/14,SERI KEMBANGAN 3,P102,N28,SELANGOR,SERDANG,SERI KEMBANGAN,14,1337,1306
094/06/03,AMPANG PECHAH,P094,N06,SELANGOR,HULU SELANGOR,KUALA KUBU BAHARU,3,2420,2455
101/23/17,TAMAN ALAM JAYA,P101,N23,SELANGOR,HULU LANGAT,DUSUN TUA,17,2712,2784
094/05/09,CHANGKAT ASA,P094,N05,SELANGOR,HULU SELANGOR,HULU BERNAM,9,557,532
109/42/03,KAMPUNG MERU,P109,N42,SELANGOR,KAPAR,MERU,3,1360,1400
112/52/08,SUNGAI MANGGIS UTARA,P112,N52,SELANGOR,KUALA LANGAT,TELUK DATUK,8,2083,2069
092/02/05,TORKINGTON,P092,N02,SELANGOR,SABAK BERNAM,SABAK,5,327,313
096/10/03,ASAM JAWA,P096,N10,SELANGOR,KUALA SELANGOR,BUKIT MELAWATI,3,1891,1934
102/28/07,SERI KEMBANGAN 9,P102,N28,SELANGOR,SERDANG,SERI KEMBANGAN,7,893,878
103/29/20,PUCHONG PERMAI,P103,N29,SELANGOR,PUCHONG,SERI SERDANG,20,4067,4246
107/37/07,DESA JAYA JALAN 20 - JALAN 38,P107,N37,SELANGOR,SUBANG,BUKIT LANJAN,7,2474,2445
101/25/04,TAMAN MESRA,P101,N25,SELANGOR,HULU LANGAT,KAJANG,4,1289,1306
098/17/07,GOMBAK SELATAN,P098,N17,SELANGOR,GOMBAK,GOMBAK SETIA,7,3867,3974
112/51/09,LADANG CAREY BARAT,P112,N51,SELANGOR,KUALA LANGAT,SIJANGKANG,9,918,894
100/22/17,CHERAS HARTAMAS,P100,N22,SELANGOR,PANDAN,TERATAI,17,513,549
109/43/08,TAMAN KLANG UTAMA 1,P109,N43,SELANGOR,KAPAR,SEMENTA,8,2917,3035
110/48/05,SIMPANG TUJUH,P110,N48,SELANGOR,KLANG,KOTA ALAM SHAH,5,2159,2137
108/41/06,SHAH ALAM S 19 TIMUR,P108,N41,SELANGOR,SHAH ALAM,BATU TIGA,6,4181,4288
109/44/06,BANDAR KLANG,P109,N44,SELANGOR,KAPAR,SUNGAI PINANG,6,2625,2571
103/29/12,BANDAR BUKIT PUCHONG,P103,N29,SELANGOR,PUCHONG,SERI SERDANG,12,3182,3325
099/20/06,SERI AMPANG,P099,N20,SELANGOR,AMPANG,LEMBAH JAYA,6,1216,1213
110/47/02,KOMPLEKS SUKAN PANDAMARAN,P110,N47,SELANGOR,KLANG,PANDAMARAN,2,1855,1843
108/40/08,SHAH ALAM S 3,P108,N40,SELANGOR,SHAH ALAM,KOTA ANGGERIK,8,1057,1076
112/51/06,TELUK 1,P112,N51,SELANGOR,KUALA LANGAT,SIJANGKANG,6,2802,2780
108/41/13,BUKIT KUDA,P108,N41,SELANGOR,SHAH ALAM,BATU TIGA,13,3025,3019
103/30/05,KINRARA SEKSYEN 3,P103,N30,SELANGOR,PUCHONG,KINRARA,5,3966,3931
101/25/10,SUNGAI CHUA TIGA,P101,N25,SELANGOR,HULU LANGAT,KAJANG,10,696,672
106/35/14,SUNGAI WAY SELATAN SATU,P106,N35,SELANGOR,PETALING JAYA UTARA,KAMPUNG TUNKU,14,1568,1525
109/43/09,KAMPUNG BATU EMPAT,P109,N43,SELANGOR,KAPAR,SEMENTA,9,3027,3045
102/27/04,BATU 11 CHERAS,P102,N27,SELANGOR,SERDANG,BALAKONG,4,3686,3713
110/46/13,BANDAR BUKIT TINGGI,P110,N46,SELANGOR,KLANG,PELABUHAN KLANG,13,6594,7482
113/54/10,KUNDANG,P113,N54,SELANGOR,SEPANG,TANJONG SEPAT,10,1306,1311
093/04/09,SEKINCHAN TEMPATAN (SITE B),P093,N04,SELANGOR,SUNGAI BESAR,SEKINCHAN,9,2581,2538
113/55/05,KAMPUNG BAHARU DENGKIL,P113,N55,SELANGOR,SEPANG,DENGKIL,5,2430,2452
095/08/11,SUNGAI TENGI KANAN,P095,N08,SELANGOR,TANJONG KARANG,SUNGAI BURONG,11,1282,1286
106/35/07,SS 3 UTARA,P106,N35,SELANGOR,PETALING JAYA UTARA,KAMPUNG TUNKU,7,2795,2775
112/52/01,BUKIT KEMANDUL,P112,N52,SELANGOR,KUALA LANGAT,TELUK DATUK,1,416,427
103/30/09,PUCHONG JAYA UTARA,P103,N30,SELANGOR,PUCHONG,KINRARA,9,2141,2224
099/20/05,SERI WATAN,P099,N20,SELANGOR,AMPANG,LEMBAH JAYA,5,2218,2225
096/12/14,BUKIT CLOH,P096,N12,SELANGOR,KUALA SELANGOR,JERAM,14,981,963
107/37/12,SUNGAI KAYU ARA SELATAN,P107,N37,SELANGOR,SUBANG,BUKIT LANJAN,12,1277,1269
113/54/14,SUNGAI KELAMBU,P113,N54,SELANGOR,SEPANG,TANJONG SEPAT,14,1322,1312
107/37/06,SUNGAI KAYU ARA UTARA,P107,N37,SELANGOR,SUBANG,BUKIT LANJAN,6,4352,4298
092/01/12,KAMPUNG SEKENDI,P092,N01,SELANGOR,SABAK BERNAM,SUNGAI AIR TAWAR,12,1406,1400
092/01/03,SUNGAI AIR TAWAR,P092,N01,SELANGOR,SABAK BERNAM,SUNGAI AIR TAWAR,3,1992,1958
109/44/12,TAMAN ENG ANN 2,P109,N44,SELANGOR,KAPAR,SUNGAI PINANG,12,1126,1132
103/29/06,PUSAT BANDAR PUCHONG,P103,N29,SELANGOR,PUCHONG,SERI SERDANG,6,4691,4851
105/33/10,TAMAN DATO HARUN 2,P105,N33,SELANGOR,PETALING JAYA SELATAN,TAMAN MEDAN,10,3207,3173
093/04/10,KIAN SIT,P093,N04,SELANGOR,SUNGAI BESAR,SEKINCHAN,10,1366,1379
098/17/01,PINGGIRAN BATU CAVES,P098,N17,SELANGOR,GOMBAK,GOMBAK SETIA,1,3371,3505
102/28/18,TAMAN MUHIBBAH,P102,N28,SELANGOR,SERDANG,SERI KEMBANGAN,18,1297,1318
104/32/09,PJS 10/1 - PJS 10/16,P104,N32,SELANGOR,KELANA JAYA,SERI SETIA,9,3751,3733
103/29/07,PUCHONG PERDANA 1,P103,N29,SELANGOR,PUCHONG,SERI SERDANG,7,1745,1753
093/03/10,PEKET ENAM PULUH,P093,N03,SELANGOR,SUNGAI BESAR,SUNGAI PANJANG,10,1078,1069
106/36/17,DAMANSARA JAYA SELATAN,P106,N36,SELANGOR,PETALING JAYA UTARA,DAMANSARA UTAMA,17,2322,2327
103/29/02,SERI SERDANG UTARA,P103,N29,SELANGOR,PUCHONG,SERI SERDANG,2,3280,3277
102/27/01,KAMPUNG BAHARU BALAKONG,P102,N27,SELANGOR,SERDANG,BALAKONG,1,1870,1839
111/50/04,SRI MUDA 2 UTARA,P111,N50,SELANGOR,KOTA RAJA,SRI MUDA,4,4190,4306
096/10/01,KUALA SELANGOR,P096,N10,SELANGOR,KUALA SELANGOR,BUKIT MELAWATI,1,1924,1913
110/47/07,JALAN TENGKU BADAR SELATAN,P110,N47,SELANGOR,KLANG,PANDAMARAN,7,827,789
100/22/12,TAMAN MAJU JAYA,P100,N22,SELANGOR,PANDAN,TERATAI,12,1608,1604
095/09/10,PARIT SERONG,P095,N09,SELANGOR,TANJONG KARANG,PERMATANG,10,910,922
094/05/15,KUALA KALUMPANG,P094,N05,SELANGOR,HULU SELANGOR,HULU BERNAM,15,835,834
103/29/26,SERI SERDANG SELATAN 2,P103,N29,SELANGOR,PUCHONG,SERI SERDANG,26,1482,1463
109/42/14,KAMPUNG BUDIMAN,P109,N42,SELANGOR,KAPAR,MERU,14,591,615
102/27/09,DESA BAIDURI,P102,N27,SELANGOR,SERDANG,BALAKONG,9,3102,3290
102/26/03,SUNGAI RAMAL LUAR,P102,N26,SELANGOR,SERDANG,BANGI,3,3771,3839
099/19/02,ENGGANG SELATAN,P099,N19,SELANGOR,AMPANG,BUKIT ANTARABANGSA,2,3005,2897
096/10/05,KAMPUNG KUANTAN,P096,N10,SELANGOR,KUALA SELANGOR,BUKIT MELAWATI,5,1436,1420
109/45/07,KUALA KLANG,P109,N45,SELANGOR,KAPAR,SELAT KLANG,7,1084,1036
109/42/04,KAMPUNG HAJI SHARIFF,P109,N42,SELANGOR,KAPAR,MERU,4,2695,2706
110/47/11,RAJA LUMU,P110,N47,SELANGOR,KLANG,PANDAMARAN,11,2265,2240
097/15/17,TAMAN INDAH PERDANA,P097,N15,SELANGOR,SELAYANG,TAMAN TEMPLER,17,1282,1318
111/50/02,SHAH ALAM S 28,P111,N50,SELANGOR,KOTA RAJA,SRI MUDA,2,4175,4214
097/14/10,TAMAN BERSATU,P097,N14,SELANGOR,SELAYANG,RAWANG,10,3043,3141
109/43/12,TAMAN SRI KERAYONG,P109,N43,SELANGOR,KAPAR,SEMENTA,12,768,790
093/03/13,SUNGAI NIPAH,P093,N03,SELANGOR,SUNGAI BESAR,SUNGAI PANJANG,13,647,652
101/23/11,KAMPUNG SUNGAI RAYA,P101,N23,SELANGOR,HULU LANGAT,DUSUN TUA,11,1830,1836
098/18/06,TAMAN PERMATA,P098,N18,SELANGOR,GOMBAK,HULU KELANG,6,3627,3648
093/03/11,SIMPANG LIMA,P093,N03,SELANGOR,SUNGAI BESAR,SUNGAI PANJANG,11,1186,1183
113/55/15,LADANG AMPAR TENANG,P113,N55,SELANGOR,SEPANG,DENGKIL,15,1271,1246
093/03/05,PADI RADIN,P093,N03,SELANGOR,SUNGAI BESAR,SUNGAI PANJANG,5,4762,4803
113/56/04,LOTHIAN TIMUR,P113,N56,SELANGOR,SEPANG,SUNGAI PELEK,4,597,574
112/53/04,JUGRA,P112,N53,SELANGOR,KUALA LANGAT,MORIB,4,3068,3088
093/04/04,SUNGAI LEMAN KAMPUNG DARAT,P093,N04,SELANGOR,SUNGAI BESAR,SEKINCHAN,4,2070,2099
104/32/02,SS 6,P104,N32,SELANGOR,KELANA JAYA,SERI SETIA,2,1424,1435
093/03/17,TAMAN BERKAT,P093,N03,SELANGOR,SUNGAI BESAR,SUNGAI PANJANG,17,1273,1341
109/42/09,TAMAN KLANG,P109,N42,SELANGOR,KAPAR,MERU,9,3331,3282
098/16/08,TAMAN SELAYANG,P098,N16,SELANGOR,GOMBAK,BATU CAVES,8,3168,3099
097/15/09,SRI MELATI,P097,N15,SELANGOR,SELAYANG,TAMAN TEMPLER,9,1706,1707
106/35/13,SUNGAI WAY SELATAN DUA,P106,N35,SELANGOR,PETALING JAYA UTARA,KAMPUNG TUNKU,13,858,829
104/32/11,PJS 5/1 - PJS 5/21,P104,N32,SELANGOR,KELANA JAYA,SERI SETIA,11,2793,2872
100/22/07,TAMAN SERAYA,P100,N22,SELANGOR,PANDAN,TERATAI,7,4005,4119
113/54/09,TANJONG SEPAT 6,P113,N54,SELANGOR,SEPANG,TANJONG SEPAT,9,2930,3023
105/34/06,JALAN BUKIT,P105,N34,SELANGOR,PETALING JAYA SELATAN,BUKIT GASING,6,3321,3241
112/53/16,TAMAN KEMUNING,P112,N53,SELANGOR,KUALA LANGAT,MORIB,16,1282,1363
113/56/07,HULU CUCUH,P113,N56,SELANGOR,SEPANG,SUNGAI PELEK,7,1104,1110
100/22/09,TAMAN MEGA JAYA,P100,N22,SELANGOR,PANDAN,TERATAI,9,631,637
111/50/12,SRI MUDA 2 SELATAN,P111,N50,SELANGOR,KOTA RAJA,SRI MUDA,12,3589,3649
106/35/06,KAMPUNG TUNKU SELATAN,P106,N35,SELANGOR,PETALING JAYA UTARA,KAMPUNG TUNKU,6,3042,3003
111/49/15,SENTOSA DATO ABDUL HAMID 1,P111,N49,SELANGOR,KOTA RAJA,SERI ANDALAS,15,3869,4016
107/37/08,DESA JAYA JALAN 39 - JALAN 56,P107,N37,SELANGOR,SUBANG,BUKIT LANJAN,8,1550,1566
092/02/15,PARIT SATU BARAT,P092,N02,SELANGOR,SABAK BERNAM,SABAK,15,986,989
112/51/10,LADANG CAREY SELATAN,P112,N51,SELANGOR,KUALA LANGAT,SIJANGKANG,10,406,392
106/35/11,SUNGAI WAY TENGAH DUA,P106,N35,SELANGOR,PETALING JAYA UTARA,KAMPUNG TUNKU,11,1207,1156
110/47/04,KAWASAN SEKOLAH CINA 'A',P110,N47,SELANGOR,KLANG,PANDAMARAN,4,3569,3521
111/50/18,SHAH ALAM S 27 B,P111,N50,SELANGOR,KOTA RAJA,SRI MUDA,18,2579,2697
111/49/08,TAMAN SERI ANDALAS 1,P111,N49,SELANGOR,KOTA RAJA,SERI ANDALAS,8,5027,5213
111/50/14,KOTA KEMUNING,P111,N50,SELANGOR,KOTA RAJA,SRI MUDA,14,4260,4533
111/50/11,PUTRA HEIGHT,P111,N50,SELANGOR,KOTA RAJA,SRI MUDA,11,3691,4032
111/50/10,KAMPUNG BARU HICOM,P111,N50,SELANGOR,KOTA RAJA,SRI MUDA,10,704,737
111/50/06,JALAN KEBUN,P111,N50,SELANGOR,KOTA RAJA,SRI MUDA,6,4194,4389
111/50/05,BUKIT KEMUNING,P111,N50,SELANGOR,KOTA RAJA,SRI MUDA,5,3743,3889
109/43/06,SEMENTA,P109,N43,SELANGOR,KAPAR,SEMENTA,6,2779,2774
111/49/03,TELUK MENEGUN,P111,N49,SELANGOR,KOTA RAJA,SERI ANDALAS,3,2576,2611
109/43/07,BANDAR SULTAN SULAIMAN,P109,N43,SELANGOR,KAPAR,SEMENTA,7,3292,3364
109/45/09,TANJONG KLANG,P109,N45,SELANGOR,KAPAR,SELAT KLANG,9,410,393
109/44/10,TELUK KAPAS,P109,N44,SELANGOR,KAPAR,SUNGAI PINANG,10,2158,2230
109/44/04,TAMAN ENG ANN 1,P109,N44,SELANGOR,KAPAR,SUNGAI PINANG,4,3141,3076
109/44/02,RANTAU PANJANG,P109,N44,SELANGOR,KAPAR,SUNGAI PINANG,2,3405,3470
109/44/01,KAMPUNG SUNGAI PINANG,P109,N44,SELANGOR,KAPAR,SUNGAI PINANG,1,1801,1857
110/46/06,JALAN KEM,P110,N46,SELANGOR,KLANG,PELABUHAN KLANG,6,2738,2670
109/43/14,SUNGAI KAPAR INDAH,P109,N43,SELANGOR,KAPAR,SEMENTA,14,3916,4256
108/41/02,KAMPUNG KEBUN BUNGA,P108,N41,SELANGOR,SHAH ALAM,BATU TIGA,2,874,870
108/41/01,TAMAN BATU TIGA,P108,N41,SELANGOR,SHAH ALAM,BATU TIGA,1,1577,1633
108/40/19,BUKIT JELUTONG U8,P108,N40,SELANGOR,SHAH ALAM,KOTA ANGGERIK,19,2629,2817
108/40/18,PANGSAPURI S7,P108,N40,SELANGOR,SHAH ALAM,KOTA ANGGERIK,18,1793,1958
108/40/17,MUTIARA BUKIT RAJA,P108,N40,SELANGOR,SHAH ALAM,KOTA ANGGERIK,17,780,781
108/40/13,SHAH ALAM S 15 & S 16,P108,N40,SELANGOR,SHAH ALAM,KOTA ANGGERIK,13,1802,1771
108/40/12,"SHAH ALAM S 11, S12 & S 14",P108,N40,SELANGOR,SHAH ALAM,KOTA ANGGERIK,12,3693,3731
108/40/09,SHAH ALAM S 2,P108,N40,SELANGOR,SHAH ALAM,KOTA ANGGERIK,9,1855,1851
108/40/06,SHAH ALAM S 1 & S 7,P108,N40,SELANGOR,SHAH ALAM,KOTA ANGGERIK,6,3919,4171
108/40/05,SHAH ALAM S 8,P108,N40,SELANGOR,SHAH ALAM,KOTA ANGGERIK,5,5166,5245
108/40/01,SETIA ALAM,P108,N40,SELANGOR,SHAH ALAM,KOTA ANGGERIK,1,2206,2521
107/39/08,"SEKSYEN 4, 5 DAN 6 KOTA DAMANSARA",P107,N39,SELANGOR,SUBANG,KOTA DAMANSARA,8,6946,7277
107/39/04,PINGGIRAN SUBANG,P107,N39,SELANGOR,SUBANG,KOTA DAMANSARA,4,4704,5103
107/38/15,KUBU GAJAH,P107,N38,SELANGOR,SUBANG,PAYA JARAS,15,2812,2868
107/38/12,TAMAN EHSAN JALAN 4,P107,N38,SELANGOR,SUBANG,PAYA JARAS,12,2511,2456
107/38/11,SUNGAI PELONG,P107,N38,SELANGOR,SUBANG,PAYA JARAS,11,1558,1562
107/38/10,BANDAR BARU SUNGAI BULOH SELATAN,P107,N38,SELANGOR,SUBANG,PAYA JARAS,10,2997,3026
107/38/09,DESA AMAN PURI,P107,N38,SELANGOR,SUBANG,PAYA JARAS,9,4603,4777
107/38/08,TAMAN EHSAN JALAN 2,P107,N38,SELANGOR,SUBANG,PAYA JARAS,8,2312,2311
107/38/07,PAYA JARAS,P107,N38,SELANGOR,SUBANG,PAYA JARAS,7,4514,4534
107/37/02,SRI DAMANSARA JALAN SD 10,P107,N37,SELANGOR,SUBANG,BUKIT LANJAN,13,3708,3968
104/32/15,SS 7,P104,N32,SELANGOR,KELANA JAYA,SERI SETIA,15,3632,3671
107/38/06,MERBAU SEMPAK,P107,N38,SELANGOR,SUBANG,PAYA JARAS,6,2849,2848
107/38/03,PETEMPATAN SUNGAI BULOH,P107,N38,SELANGOR,SUBANG,PAYA JARAS,3,3966,3915
107/38/02,SUNGAI BULOH,P107,N38,SELANGOR,SUBANG,PAYA JARAS,2,2676,2701
107/37/04,BUKIT LANJAN,P107,N37,SELANGOR,SUBANG,BUKIT LANJAN,4,3291,3457
107/37/03,SRI DAMANSARA JALAN SD 1 - SD 5,P107,N37,SELANGOR,SUBANG,BUKIT LANJAN,2,4259,4273
106/36/14,SS 2 SELATAN,P106,N36,SELANGOR,PETALING JAYA UTARA,DAMANSARA UTAMA,14,4754,4671
106/36/13,SS 4,P106,N36,SELANGOR,PETALING JAYA UTARA,DAMANSARA UTAMA,13,4759,4724
106/36/12,SS 25,P106,N36,SELANGOR,PETALING JAYA UTARA,DAMANSARA UTAMA,12,2077,2090
106/36/11,KAMPUNG CHEMPAKA,P106,N36,SELANGOR,PETALING JAYA UTARA,DAMANSARA UTAMA,11,5709,5656
106/36/08,SS 23,P106,N36,SELANGOR,PETALING JAYA UTARA,DAMANSARA UTAMA,8,2671,2692
106/36/07,SS 2 TENGAH,P106,N36,SELANGOR,PETALING JAYA UTARA,DAMANSARA UTAMA,7,6052,6003
106/36/04,DAMANSARA JAYA UTARA,P106,N36,SELANGOR,PETALING JAYA UTARA,DAMANSARA UTAMA,4,3079,3076
106/36/03,SEKSYEN 17A,P106,N36,SELANGOR,PETALING JAYA UTARA,DAMANSARA UTAMA,3,1862,1776
106/35/02,SEKSYEN 20 UTARA,P106,N35,SELANGOR,PETALING JAYA UTARA,KAMPUNG TUNKU,2,3159,3074
105/34/15,SEKSYEN 5 SELATAN,P105,N34,SELANGOR,PETALING JAYA SELATAN,BUKIT GASING,15,2422,2414
105/34/14,KAWASAN BANGUNAN K.K.P.L,P105,N34,SELANGOR,PETALING JAYA SELATAN,BUKIT GASING,14,1607,1562
105/34/13,SEKSYEN SATU PETALING JAYA,P105,N34,SELANGOR,PETALING JAYA SELATAN,BUKIT GASING,13,3425,3339
105/34/12,JALAN SUNGAI JERNIH,P105,N34,SELANGOR,PETALING JAYA SELATAN,BUKIT GASING,12,2561,2499
105/34/11,KAWASAN BANDAR BAHARU,P105,N34,SELANGOR,PETALING JAYA SELATAN,BUKIT GASING,11,1990,1965
105/34/10,KAWASAN ASSUNTA CONVENT,P105,N34,SELANGOR,PETALING JAYA SELATAN,BUKIT GASING,10,1719,1679
105/34/08,SEKSYEN 5 UTARA,P105,N34,SELANGOR,PETALING JAYA SELATAN,BUKIT GASING,8,2292,2236
101/23/09,BANDAR SUNGAI LONG,P101,N23,SELANGOR,HULU LANGAT,DUSUN TUA,9,5443,5859
105/34/05,SEKSYEN 16,P105,N34,SELANGOR,PETALING JAYA SELATAN,BUKIT GASING,5,931,943
105/34/03,SEKSYEN 17 TENGAH,P105,N34,SELANGOR,PETALING JAYA SELATAN,BUKIT GASING,3,2781,2734
105/34/02,SEKSYEN 17 BARAT,P105,N34,SELANGOR,PETALING JAYA SELATAN,BUKIT GASING,2,1755,1723
105/34/01,SEKSYEN 17 UTARA,P105,N34,SELANGOR,PETALING JAYA SELATAN,BUKIT GASING,1,2887,2818
104/32/07,PJS 5 KAMPUNG PENAGA,P104,N32,SELANGOR,KELANA JAYA,SERI SETIA,7,3532,3344
104/32/01,GLENMARIE,P104,N32,SELANGOR,KELANA JAYA,SERI SETIA,1,1643,1605
104/31/21,SS 19/2 - SS 19/5,P104,N31,SELANGOR,KELANA JAYA,SUBANG JAYA,21,1879,1893
104/31/10,USJ 2,P104,N31,SELANGOR,KELANA JAYA,SUBANG JAYA,10,5176,5250
104/31/09,USJ 1,P104,N31,SELANGOR,KELANA JAYA,SUBANG JAYA,9,2685,2853
104/31/04,SS 16 & SS 17,P104,N31,SELANGOR,KELANA JAYA,SUBANG JAYA,4,2721,2741
104/31/02,SS 12,P104,N31,SELANGOR,KELANA JAYA,SUBANG JAYA,2,2269,2285
102/26/18,BUKIT KAJANG BARU,P102,N26,SELANGOR,SERDANG,BANGI,18,3676,3846
104/31/01,"PJS 7 , 9 & 11",P104,N31,SELANGOR,KELANA JAYA,SUBANG JAYA,1,4923,5023
103/30/12,BATU 7 JALAN PUCHONG,P103,N30,SELANGOR,PUCHONG,KINRARA,12,1293,1273
103/30/10,PUCHONG JAYA BARAT,P103,N30,SELANGOR,PUCHONG,KINRARA,10,5043,5096
103/29/16,BANDAR KINRARA SEKSYEN 3,P103,N29,SELANGOR,PUCHONG,SERI SERDANG,16,871,906
102/26/05,SEKSYEN 3 BBB,P102,N26,SELANGOR,SERDANG,BANGI,5,3477,3605
103/30/08,KAMPUNG BATU 13,P103,N30,SELANGOR,PUCHONG,KINRARA,8,3220,3200
103/30/06,PUCHONG JAYA TIMUR,P103,N30,SELANGOR,PUCHONG,KINRARA,6,3814,3916
103/30/04,KINRARA SEKSYEN 7,P103,N30,SELANGOR,PUCHONG,KINRARA,4,2013,2046
103/30/03,KINRARA SEKSYEN 1,P103,N30,SELANGOR,PUCHONG,KINRARA,3,2867,2885
103/30/01,"KINRARA SEKSYEN 4,5 & 6",P103,N30,SELANGOR,PUCHONG,KINRARA,1,3182,3325
103/29/21,BANDAR PUTERI,P103,N29,SELANGOR,PUCHONG,SERI SERDANG,21,3192,3329
103/29/19,SERDANG JAYA 2,P103,N29,SELANGOR,PUCHONG,SERI SERDANG,19,4225,4213
103/29/18,BANDAR KINRARA SEKSYEN 5,P103,N29,SELANGOR,PUCHONG,SERI SERDANG,18,4438,4861
103/29/17,BANDAR KINRARA SEKSYEN 4,P103,N29,SELANGOR,PUCHONG,SERI SERDANG,17,1877,1985
102/27/10,IMPIAN EHSAN,P102,N27,SELANGOR,SERDANG,BALAKONG,10,2868,3116
102/27/07,SIMPANG BALAK,P102,N27,SELANGOR,SERDANG,BALAKONG,7,1632,1620
102/27/06,BANDAR TUN HUSSEIN ONN,P102,N27,SELANGOR,SERDANG,BALAKONG,6,3119,3323
101/25/14,KANTAN PERMAI,P101,N25,SELANGOR,HULU LANGAT,KAJANG,14,3215,3638
102/26/17,UNIVERSITI KEBANGSAAN MALAYSIA,P102,N26,SELANGOR,SERDANG,BANGI,17,1173,1224
102/26/10,TAMAN KAJANG UTAMA,P102,N26,SELANGOR,SERDANG,BANGI,10,2789,2921
102/26/08,BANGI,P102,N26,SELANGOR,SERDANG,BANGI,8,3732,3729
102/26/01,TAMAN BUKIT MEWAH,P102,N26,SELANGOR,SERDANG,BANGI,1,2759,2806
101/25/05,SUNGAI KANTAN,P101,N25,SELANGOR,HULU LANGAT,KAJANG,5,2490,2515
101/25/03,SAUJANA IMPIAN,P101,N25,SELANGOR,HULU LANGAT,KAJANG,3,1980,2150
101/25/02,SUNGAI SEKAMAT,P101,N25,SELANGOR,HULU LANGAT,KAJANG,2,4662,4790
101/25/01,TAMAN KOTA CHERAS,P101,N25,SELANGOR,HULU LANGAT,KAJANG,1,3605,3697
101/24/19,SESAPAN BATU REMBAU,P101,N24,SELANGOR,HULU LANGAT,SEMENYIH,19,655,642
101/24/04,TARUN,P101,N24,SELANGOR,HULU LANGAT,SEMENYIH,4,785,764
102/26/14,SEKSYEN 5 BBB,P102,N26,SELANGOR,SERDANG,BANGI,14,2753,2793
101/24/10,RINCHING,P101,N24,SELANGOR,HULU LANGAT,SEMENYIH,10,2891,3074
101/23/05,SUNGAI TEKALI,P101,N23,SELANGOR,HULU LANGAT,DUSUN TUA,5,1081,1091
101/23/04,PEKAN LUI,P101,N23,SELANGOR,HULU LANGAT,DUSUN TUA,4,1210,1170
101/23/03,KAMPUNG JAWA,P101,N23,SELANGOR,HULU LANGAT,DUSUN TUA,3,715,696
100/22/11,TAMAN BUKIT TERATAI,P100,N22,SELANGOR,HULU SELANGOR,BATANG KALI,10,1863,1853
100/22/04,KAMPUNG CHERAS BAHARU TIMUR,P100,N22,SELANGOR,PANDAN,TERATAI,4,2196,2185
100/22/02,PANDAN PERDANA TIMUR,P100,N22,SELANGOR,PANDAN,TERATAI,2,3783,3829
100/22/01,CHERAS INDAH,P100,N22,SELANGOR,PANDAN,TERATAI,1,2512,2516
100/21/17,PANDAN INDAH JALAN 2 &3,P100,N21,SELANGOR,PANDAN,CHEMPAKA,17,2655,2718
100/21/10,TAMAN CAHAYA,P100,N21,SELANGOR,PANDAN,CHEMPAKA,10,1445,1473
100/21/07,KAMPUNG BAHARU AMPANG KETIGA,P100,N21,SELANGOR,PANDAN,CHEMPAKA,7,1419,1397
100/21/03,KAMPUNG PANDAN DALAM KIRI,P100,N21,SELANGOR,PANDAN,CHEMPAKA,3,3057,2993
099/20/02,LEMBAH JAYA UTARA,P099,N20,SELANGOR,AMPANG,LEMBAH JAYA,2,2285,2256
098/18/03,TAMAN MELAWATI,P098,N18,SELANGOR,GOMBAK,HULU KELANG,3,4281,4354
099/20/01,TAMAN TUN ABDUL RAZAK,P099,N20,SELANGOR,AMPANG,LEMBAH JAYA,1,860,876
098/18/20,MELAWATI JALAN G.E.C,P098,N18,SELANGOR,GOMBAK,HULU KELANG,20,1805,1821
098/18/18,UKAY PERDANA,P098,N18,SELANGOR,GOMBAK,HULU KELANG,18,1828,1990
098/18/15,DESA KERAMAT AU 2B & AU 2C,P098,N18,SELANGOR,GOMBAK,HULU KELANG,15,861,848
098/18/10,KERAMAT AU 1,P098,N18,SELANGOR,GOMBAK,HULU KELANG,10,3770,3847
098/18/08,AU3 RUMAH TERES,P098,N18,SELANGOR,GOMBAK,HULU KELANG,8,2290,2267
098/18/05,HULU KELANG,P098,N18,SELANGOR,GOMBAK,HULU KELANG,5,3196,3197
096/12/19,TAMAN SAUJANA UTAMA,P096,N12,SELANGOR,KUALA SELANGOR,JERAM,19,2735,3072
098/17/05,SIMPANG TIGA,P098,N17,SELANGOR,KUALA SELANGOR,JERAM,10,1087,1071
097/14/02,KUALA GARING,P097,N14,SELANGOR,SELAYANG,RAWANG,2,4369,4446
097/14/01,BANDAR COUNTRY HOME 1,P097,N14,SELANGOR,SELAYANG,RAWANG,1,4353,4581
097/13/05,SUNGAI SERAI,P097,N13,SELANGOR,SELAYANG,KUANG,5,817,807
097/13/07,KAMPUNG GOMBAK,P097,N13,SELANGOR,SELAYANG,KUANG,7,1512,1494
095/09/05,SUNGAI TINGGI,P095,N09,SELANGOR,TANJONG KARANG,PERMATANG,5,730,691
096/10/06,PASANGAN,P096,N10,SELANGOR,KUALA SELANGOR,BUKIT MELAWATI,6,1352,1357
096/10/07,LADANG SUNGAI RAMBAI,P096,N10,SELANGOR,KUALA SELANGOR,BUKIT MELAWATI,7,287,273
095/09/13,BELIMBING,P095,N09,SELANGOR,TANJONG KARANG,PERMATANG,13,1382,1389
095/09/06,BATANG BERJUNTAI UTARA,P095,N09,SELANGOR,TANJONG KARANG,PERMATANG,6,1096,1090
095/08/08,SUNGAI SIREH UTARA,P095,N08,SELANGOR,TANJONG KARANG,SUNGAI BURONG,8,219,210
095/09/07,KAMPUNG RAJA MUSA,P095,N09,SELANGOR,TANJONG KARANG,PERMATANG,7,1019,1017
101/23/02,LUI,P101,N23,SELANGOR,HULU LANGAT,DUSUN TUA,2,1859,1822
095/08/02,SAWAH SEMPADAN UTARA,P095,N08,SELANGOR,TANJONG KARANG,SUNGAI BURONG,2,1236,1245
101/23/01,PANSUN,P101,N23,SELANGOR,HULU LANGAT,DUSUN TUA,1,1926,1918
102/27/13,TAMAN SURIA JAYA,P102,N27,SELANGOR,SERDANG,BALAKONG,13,1813,1903
094/07/04,KAMPUNG PADANG,P094,N07,SELANGOR,HULU SELANGOR,BATANG KALI,4,1365,1353
094/07/06,HULU YAM BARAT,P094,N07,SELANGOR,HULU SELANGOR,BATANG KALI,6,3342,3360
094/07/01,BUKIT RASA,P094,N07,SELANGOR,HULU SELANGOR,BATANG KALI,1,1159,1143
094/06/14,HULU YAM LAMA,P094,N06,SELANGOR,HULU SELANGOR,KUALA KUBU BAHARU,14,936,941
094/06/10,JALAN KUALA KALI,P094,N06,SELANGOR,HULU SELANGOR,KUALA KUBU BAHARU,10,941,949
099/20/16,TAMAN RASMI JAYA,P099,N20,SELANGOR,AMPANG,LEMBAH JAYA,16,1264,1273
094/05/11,LADANG ESCOT,P094,N05,SELANGOR,HULU SELANGOR,HULU BERNAM,11,2036,2046
094/05/04,SUNGAI SELISIK,P094,N05,SELANGOR,HULU SELANGOR,HULU BERNAM,4,823,822
094/05/08,KAMPUNG SUNGAI TENGI SELATAN,P094,N05,SELANGOR,HULU SELANGOR,HULU BERNAM,8,961,981
094/05/03,GEDANGSA,P094,N05,SELANGOR,HULU SELANGOR,HULU BERNAM,3,2462,2439
092/02/03,KAMPUNG SERI AMAN,P092,N02,SELANGOR,SABAK BERNAM,SABAK,3,1717,1730
092/02/01,SABAK BERNAM BARAT,P092,N02,SELANGOR,SABAK BERNAM,SABAK,1,3067,3020
092/02/09,KAMPUNG BAGAN TERAP,P092,N02,SELANGOR,SABAK BERNAM,SABAK,9,1470,1481
092/01/09,BETING KEPAH,P092,N01,SELANGOR,SABAK BERNAM,SUNGAI AIR TAWAR,9,762,771
105/33/03,SEKSYEN 51,P105,N33,SELANGOR,PETALING JAYA SELATAN,TAMAN MEDAN,3,192,187
094/05/02,LADANG LIMA BELAS,P094,N05,SELANGOR,HULU SELANGOR,HULU BERNAM,2,693,672
104/31/05,SS 19/1,P104,N31,SELANGOR,KELANA JAYA,SUBANG JAYA,5,1493,1509
093/04/06,SEKINCHAN SELATAN,P093,N04,SELANGOR,SUNGAI BESAR,SEKINCHAN,6,1412,1400
111/49/16,SENTOSA DATO DAGANG,P111,N49,SELANGOR,KOTA RAJA,SERI ANDALAS,16,5336,5985
113/56/08,BAGAN LALANG,P113,N56,SELANGOR,SEPANG,SUNGAI PELEK,8,1474,1527
113/56/06,SEPANG SELATAN,P113,N56,SELANGOR,SEPANG,SUNGAI PELEK,6,2338,2329
113/55/20,CYBERJAYA,P113,N55,SELANGOR,SEPANG,DENGKIL,20,168,184
113/55/10,SUNGAI MERAB,P113,N55,SELANGOR,SEPANG,DENGKIL,10,3060,3114
113/55/08,SUNGAI MERAB UTARA,P113,N55,SELANGOR,SEPANG,DENGKIL,8,422,416
113/55/06,KAMPUNG DENGKIL,P113,N55,SELANGOR,SEPANG,DENGKIL,6,3506,3526
101/24/06,KAMPUNG BAHARU,P101,N24,SELANGOR,SABAK BERNAM,SUNGAI AIR TAWAR,15,856,854
113/55/04,AMPAR TENANG,P113,N55,SELANGOR,SEPANG,DENGKIL,4,795,842
112/53/14,MORIB,P112,N53,SELANGOR,KUALA LANGAT,MORIB,14,1899,1871
113/55/02,BUKIT CANGGANG,P113,N55,SELANGOR,SEPANG,DENGKIL,2,3733,3812
113/55/01,SUNGAI LEMPIT,P113,N55,SELANGOR,SEPANG,DENGKIL,1,2493,2462
112/52/02,SERI CHEEDING,P112,N52,SELANGOR,KUALA LANGAT,TELUK DATUK,2,2070,2087
112/52/11,TELUK BUNUT,P112,N52,SELANGOR,KUALA LANGAT,TELUK DATUK,11,4158,4185
096/12/11,JERAM,P096,N12,SELANGOR,KUALA SELANGOR,JERAM,11,725,733
105/33/07,PJS 1,P105,N33,SELANGOR,PETALING JAYA SELATAN,TAMAN MEDAN,7,2900,3045
101/24/03,HULU SEMENYIH,P101,N24,SELANGOR,HULU LANGAT,SEMENYIH,3,2043,2053
098/18/04,KEMENSAH,P098,N18,SELANGOR,GOMBAK,HULU KELANG,4,1443,1424
092/02/17,BATU 4 SAPINTAS,P092,N02,SELANGOR,SABAK BERNAM,SABAK,17,818,802
092/01/07,KAMPUNG PARIT BAHARU,P092,N01,SELANGOR,SABAK BERNAM,SUNGAI AIR TAWAR,7,1477,1458
096/12/15,BUKIT KERAYONG,P096,N12,SELANGOR,KUALA SELANGOR,JERAM,15,1337,1335
109/45/05,KAMPONG DELEK,P109,N45,SELANGOR,KAPAR,SELAT KLANG,5,1560,1504
099/20/04,TAMAN BUKIT INDAH,P099,N20,SELANGOR,AMPANG,LEMBAH JAYA,4,4047,4112
109/42/02,BUKIT KAPAR UTARA,P109,N42,SELANGOR,KAPAR,MERU,2,3085,3114
095/08/15,BATU 11 TANJONG KARANG,P095,N08,SELANGOR,TANJONG KARANG,SUNGAI BURONG,15,1095,1109
093/03/16,PASIR PANJANG SELATAN,P093,N03,SELANGOR,SUNGAI BESAR,SUNGAI PANJANG,16,1350,1323
102/26/16,BUKIT MAHKOTA,P102,N26,SELANGOR,SERDANG,BANGI,16,2230,2480
109/42/13,KLANG KAWASAN 19,P109,N42,SELANGOR,KAPAR,MERU,13,4022,4118
112/53/06,BANTING JAYA,P112,N53,SELANGOR,KUALA LANGAT,MORIB,6,2183,2173
105/33/05,KAWASAN MELAYU,P105,N33,SELANGOR,PETALING JAYA SELATAN,TAMAN MEDAN,5,1625,1597
098/18/01,BANDAR MELAWATI,P098,N18,SELANGOR,GOMBAK,HULU KELANG,1,1188,1172
098/16/04,KAMPUNG NAKHODA,P098,N16,SELANGOR,GOMBAK,BATU CAVES,4,4147,4110
096/10/04,KAMPUNG KUANTAN KELAB,P096,N10,SELANGOR,KUALA SELANGOR,BUKIT MELAWATI,4,769,753
108/41/07,SHAH ALAM S 19 BARAT,P108,N41,SELANGOR,SHAH ALAM,BATU TIGA,7,3366,3367
098/17/10,SRI GOMBAK 2-7,P098,N17,SELANGOR,GOMBAK,GOMBAK SETIA,10,4599,4674
102/28/13,SERI KEMBANGAN 6,P102,N28,SELANGOR,SERDANG,SERI KEMBANGAN,13,998,981
097/15/20,KAMPUNG SELAYANG INDAH,P097,N15,SELANGOR,SELAYANG,TAMAN TEMPLER,20,1495,1481
100/21/01,TAMAN NIRWANA,P100,N21,SELANGOR,PANDAN,CHEMPAKA,1,1770,1775
101/25/16,BATU 10 CHERAS,P101,N25,SELANGOR,HULU LANGAT,KAJANG,16,1586,1574
106/35/10,SUNGAI WAY UTARA,P106,N35,SELANGOR,PETALING JAYA UTARA,KAMPUNG TUNKU,10,3683,3595
109/43/02,KAMPUNG TOK MUDA,P109,N43,SELANGOR,KAPAR,SEMENTA,2,1642,1704
096/11/05,KAMPUNG IJOK,P096,N11,SELANGOR,KUALA SELANGOR,IJOK,5,754,738
104/31/06,SS 18,P104,N31,SELANGOR,KELANA JAYA,SUBANG JAYA,6,3987,4028
112/51/04,SIJANGKANG SELATAN,P112,N51,SELANGOR,KUALA LANGAT,SIJANGKANG,4,2496,2492
094/06/02,PERTAK,P094,N06,SELANGOR,HULU SELANGOR,KUALA KUBU BAHARU,2,250,259
103/29/22,PUCHONG PERDANA 2,P103,N29,SELANGOR,PUCHONG,SERI SERDANG,22,3369,3435
095/09/09,KAMPUNG BAHARU TIRAM BURUK,P095,N09,SELANGOR,TANJONG KARANG,PERMATANG,9,869,840
110/46/09,PULAU INDAH SELATAN,P110,N46,SELANGOR,KLANG,PELABUHAN KLANG,9,1385,1402
094/07/08,SUNGAI CHOH,P094,N07,SELANGOR,HULU SELANGOR,BATANG KALI,8,1931,1910
094/07/16,TAMAN BUNGA RAYA,P094,N07,SELANGOR,HULU SELANGOR,BATANG KALI,16,3003,3146
097/15/07,TAMAN SELAYANG BAHARU,P097,N15,SELANGOR,SELAYANG,TAMAN TEMPLER,7,1654,1646
092/02/04,TEBUK PULAI,P092,N02,SELANGOR,SABAK BERNAM,SABAK,4,1132,1116
104/31/22,SS 19/6 - SS 19/19,P104,N31,SELANGOR,KELANA JAYA,SUBANG JAYA,22,2203,2187
102/26/06,SEKSYEN 1 BBB,P102,N26,SELANGOR,SERDANG,BANGI,6,3588,3566
099/20/19,TAMAN MULIA JAYA,P099,N20,SELANGOR,AMPANG,LEMBAH JAYA,19,900,917
099/20/18,KAMPUNG AMPANG INDAH,P099,N20,SELANGOR,AMPANG,LEMBAH JAYA,18,2300,2365
099/20/15,TAMAN AMPANG INDAH,P099,N20,SELANGOR,AMPANG,LEMBAH JAYA,15,2795,2845
113/55/14,RTB DATOK HARUN,P113,N55,SELANGOR,SEPANG,DENGKIL,14,609,623
097/14/06,KAMPUNG KENANGA,P097,N14,SELANGOR,SELAYANG,RAWANG,6,3161,3245
094/07/09,SUNGAI GAPI,P094,N07,SELANGOR,HULU SELANGOR,BATANG KALI,9,2205,2245
093/04/01,SUNGAI LEMAN BENDANG UTARA,P093,N04,SELANGOR,SUNGAI BESAR,SEKINCHAN,1,399,382
100/22/14,KAMPUNG CHERAS BAHARU BARAT,P100,N22,SELANGOR,PANDAN,TERATAI,14,2248,2192
109/45/10,SUNGAI LIMA,P109,N45,SELANGOR,KAPAR,SELAT KLANG,10,791,785
111/49/14,TAMAN DESAWAN,P111,N49,SELANGOR,KOTA RAJA,SERI ANDALAS,14,2098,2181
104/31/03,SS 15,P104,N31,SELANGOR,KELANA JAYA,SUBANG JAYA,3,2786,2762
092/01/05,SUNGAI AIR TAWAR SELATAN,P092,N01,SELANGOR,SABAK BERNAM,SUNGAI AIR TAWAR,5,1134,1117
093/03/15,PASIR PANJANG TENGAH,P093,N03,SELANGOR,SUNGAI BESAR,SUNGAI PANJANG,15,1844,1869
105/33/19,PJS 2C,P105,N33,SELANGOR,PETALING JAYA SELATAN,TAMAN MEDAN,19,1591,1616
107/37/13,SRI DAMANSARA JALAN SD12,P107,N37,SELANGOR,SUBANG,BUKIT LANJAN,14,531,576
100/21/05,PANDAN JAYA UTARA,P100,N21,SELANGOR,PANDAN,CHEMPAKA,5,3055,3040
104/32/04,SS 5B & 5C,P104,N32,SELANGOR,KELANA JAYA,SERI SETIA,4,3219,3157
098/17/15,SRI GOMBAK 8,P098,N17,SELANGOR,GOMBAK,GOMBAK SETIA,15,1102,1155
094/05/12,KAMPUNG GUMUT,P094,N05,SELANGOR,HULU SELANGOR,HULU BERNAM,12,1296,1309
112/52/10,TELUK DATUK,P112,N52,SELANGOR,KUALA LANGAT,TELUK DATUK,10,2319,2319
102/28/02,SERDANG UTAMA,P102,N28,SELANGOR,SERDANG,SERI KEMBANGAN,2,614,616
101/24/08,SEMENYIH SELATAN,P101,N24,SELANGOR,HULU LANGAT,SEMENYIH,8,2187,2151
101/24/02,SEMENYIH BARAT,P101,N24,SELANGOR,HULU LANGAT,SEMENYIH,2,3138,3229
101/23/15,SRI NANDING,P101,N23,SELANGOR,HULU LANGAT,DUSUN TUA,15,3056,3125
101/23/08,SUNGAI SERAI,P101,N23,SELANGOR,SELAYANG,KUANG,5,817,807
100/21/16,PANDAN MEWAH,P100,N21,SELANGOR,PANDAN,CHEMPAKA,16,2049,2150
101/23/06,DUSUN TUA,P101,N23,SELANGOR,HULU LANGAT,DUSUN TUA,6,2554,2556
099/20/13,LEMBAH JAYA SELATAN,P099,N20,SELANGOR,AMPANG,LEMBAH JAYA,13,2638,2642
097/13/01,BATU ARANG BARAT,P097,N13,SELANGOR,SELAYANG,KUANG,1,2074,2079
093/03/02,PARIT 13 - 15 SUNGAI PANJANG,P093,N03,SELANGOR,SUNGAI BESAR,SUNGAI PANJANG,2,1829,1804
113/56/01,JENDERAM HULU,P113,N56,SELANGOR,SEPANG,SUNGAI PELEK,1,989,978
096/11/06,PEKAN IJOK,P096,N11,SELANGOR,KUALA SELANGOR,IJOK,6,2758,2793
102/26/15,SEKSYEN 2 BBB,P102,N26,SELANGOR,SERDANG,BANGI,15,2093,2101
095/08/14,BATU 7 TANJONG KARANG,P095,N08,SELANGOR,TANJONG KARANG,SUNGAI BURONG,14,1700,1749
095/09/15,PASIR PENAMBANG,P095,N09,SELANGOR,TANJONG KARANG,PERMATANG,15,2361,2390
097/15/21,TAMAN SELAYANG INDAH,P097,N15,SELANGOR,SELAYANG,TAMAN TEMPLER,21,1503,1506
097/15/11,KEPONG UTARA,P097,N15,SELANGOR,SELAYANG,TAMAN TEMPLER,11,1819,1786
108/40/10,SHAH ALAM S 4 & S 5,P108,N40,SELANGOR,SHAH ALAM,KOTA ANGGERIK,10,2069,2088
109/42/10,JALAN MERU,P109,N42,SELANGOR,KAPAR,MERU,10,1194,1208
109/42/07,JALAN HAJI SALLEH,P109,N42,SELANGOR,KAPAR,MERU,7,4358,4554
102/26/09,TAMAN JASMIN,P102,N26,SELANGOR,SERDANG,BANGI,9,2297,2429
108/41/16,SHAH ALAM S 17 BARAT,P108,N41,SELANGOR,SHAH ALAM,BATU TIGA,16,2663,2682
108/41/15,TAMAN KAMPUNG KUANTAN,P108,N41,SELANGOR,SHAH ALAM,BATU TIGA,15,910,912
108/41/12,SUNGAI RASAU,P108,N41,SELANGOR,SHAH ALAM,BATU TIGA,12,1407,1378
108/41/11,PADANG JAWA,P108,N41,SELANGOR,SHAH ALAM,BATU TIGA,11,4568,4509
108/41/08,SHAH ALAM S 24,P108,N41,SELANGOR,SHAH ALAM,BATU TIGA,8,4150,4229
107/39/12,"SEKSYEN 7, 8, 9, 10 DAN 11 KOTA DAMANSARA",P107,N39,SELANGOR,SUBANG,KOTA DAMANSARA,12,5774,6146
108/41/05,SHAH ALAM S 20 - S 23,P108,N41,SELANGOR,SHAH ALAM,BATU TIGA,5,4082,4289
112/53/02,SUNGAI BUAYA TENGAH,P112,N53,SELANGOR,KUALA LANGAT,MORIB,2,1579,1564
111/50/09,BANDAR PUTERI KLANG,P111,N50,SELANGOR,KOTA RAJA,SRI MUDA,9,1718,2010
105/33/04,SEKSYEN 4 PETALING JAYA,P105,N33,SELANGOR,PETALING JAYA SELATAN,TAMAN MEDAN,4,3464,3364
102/28/10,SERI KEMBANGAN 10,P102,N28,SELANGOR,SERDANG,SERI KEMBANGAN,10,946,916
092/02/13,PARIT DUA TIMUR,P092,N02,SELANGOR,SABAK BERNAM,SABAK,13,754,747
110/47/06,JALAN TENGKU BADAR UTARA,P110,N47,SELANGOR,KLANG,PANDAMARAN,6,2375,2364
111/49/18,TAMAN KLANG JAYA 2,P111,N49,SELANGOR,KOTA RAJA,SERI ANDALAS,18,1507,1556
111/49/19,SENTOSA DATO ABDUL HAMID 2,P111,N49,SELANGOR,KOTA RAJA,SERI ANDALAS,19,1371,1374
103/29/11,PUCHONG INDAH 1,P103,N29,SELANGOR,PUCHONG,SERI SERDANG,11,2784,2800
104/32/10,RUMAH PANGSA SUNGAI WAY,P104,N32,SELANGOR,KELANA JAYA,SERI SETIA,10,1402,1344
101/23/12,TAMAN SUNTEX,P101,N23,SELANGOR,HULU LANGAT,DUSUN TUA,12,2161,2200
093/03/12,PARIT 13 SUNGAI NIPAH,P093,N03,SELANGOR,SUNGAI BESAR,SUNGAI PANJANG,12,956,940
110/48/09,TAMAN CHI LIUNG,P110,N48,SELANGOR,KLANG,KOTA ALAM SHAH,9,3379,3394
099/20/17,TASIK TAMBAHAN SELATAN,P099,N20,SELANGOR,AMPANG,LEMBAH JAYA,17,3983,4016
099/19/03,TAMAN DATO AHMAD RAZALI,P099,N19,SELANGOR,AMPANG,BUKIT ANTARABANGSA,3,2523,2494
094/05/01,KAWASAN S.K.C,P094,N05,SELANGOR,HULU SELANGOR,HULU BERNAM,1,647,653
113/56/02,SALAK,P113,N56,SELANGOR,SEPANG,SUNGAI PELEK,2,2493,2544
113/54/11,BATU LAUT,P113,N54,SELANGOR,SEPANG,TANJONG SEPAT,11,2985,2933
092/02/11,TEBUK KENCHONG,P092,N02,SELANGOR,SABAK BERNAM,SABAK,11,1236,1247
106/36/15,SEKSYEN 21 BARAT,P106,N36,SELANGOR,PETALING JAYA UTARA,DAMANSARA UTAMA,15,1804,1755
092/02/07,BAGAN NIRA,P092,N02,SELANGOR,SABAK BERNAM,SABAK,7,763,737
095/09/04,LADANG MARY,P095,N09,SELANGOR,TANJONG KARANG,PERMATANG,4,433,412
107/38/01,TAMAN EHSAN JALAN 5,P107,N38,SELANGOR,SUBANG,PAYA JARAS,1,2485,2517
106/36/05,SS 2 UTARA,P106,N36,SELANGOR,PETALING JAYA UTARA,DAMANSARA UTAMA,5,4263,4239
103/29/05,BANDAR KINRARA SEKSYEN 1,P103,N29,SELANGOR,PUCHONG,SERI SERDANG,5,2092,2060
102/27/08,TAMING JAYA,P102,N27,SELANGOR,SERDANG,BALAKONG,8,3483,3570
099/20/03,TAMAN KOSAS,P099,N20,SELANGOR,AMPANG,LEMBAH JAYA,3,2850,2922
092/02/16,SUNGAI LIAS,P092,N02,SELANGOR,SABAK BERNAM,SABAK,16,1170,1143
109/44/07,SUNGAI PINANG SELATAN,P109,N44,SELANGOR,KAPAR,SUNGAI PINANG,7,849,826
096/12/08,PEKAN SUNGAI BULUH,P096,N12,SELANGOR,KUALA SELANGOR,JERAM,8,1092,1087
109/43/10,TAMAN KAPAR INDAH,P109,N43,SELANGOR,KAPAR,SEMENTA,10,2188,2266
097/15/02,BANDAR BARU SELAYANG UTARA,P097,N15,SELANGOR,SELAYANG,TAMAN TEMPLER,2,2189,2269
113/55/16,KAMPUNG MELOT,P113,N55,SELANGOR,SEPANG,DENGKIL,16,872,972
100/21/06,TAMAN CHEMPAKA,P100,N21,SELANGOR,PANDAN,CHEMPAKA,6,2581,2596
098/16/05,KAMPUNG LAKSAMANA,P098,N16,SELANGOR,GOMBAK,BATU CAVES,5,4634,4717
111/50/13,SERI GAMBUT,P111,N50,SELANGOR,KOTA RAJA,SRI MUDA,13,934,960
112/52/04,JENJARUM TEMPATAN KEDUA,P112,N52,SELANGOR,KUALA LANGAT,TELUK DATUK,4,1557,1541
105/34/04,SEKSYEN 17 SELATAN,P105,N34,SELANGOR,PETALING JAYA SELATAN,BUKIT GASING,4,2355,2324
103/30/02,KINRARA SEKSYEN 2,P103,N30,SELANGOR,PUCHONG,KINRARA,2,1417,1448
108/40/22,BANDAR BARU KLANG,P108,N40,SELANGOR,SHAH ALAM,KOTA ANGGERIK,22,691,731
112/51/11,LADANG CAREY TIMUR,P112,N51,SELANGOR,KUALA LANGAT,SIJANGKANG,11,643,605
101/24/12,SESAPAN BATU,P101,N24,SELANGOR,HULU LANGAT,SEMENYIH,12,936,919
101/24/20,KAMPUNG BATU 26 BERANANG,P101,N24,SELANGOR,HULU LANGAT,SEMENYIH,20,795,790
102/26/13,SEKSYEN 4 BBB,P102,N26,SELANGOR,SERDANG,BANGI,13,3527,3636
092/01/06,SUNGAI TENGAR SELATAN,P092,N01,SELANGOR,SABAK BERNAM,SUNGAI AIR TAWAR,6,804,790
110/46/03,SUNGAI AUR,P110,N46,SELANGOR,KLANG,PELABUHAN KLANG,3,3189,3132
100/21/15,PANDAN INDAH JALAN 5,P100,N21,SELANGOR,PANDAN,CHEMPAKA,15,5481,5577
111/49/01,SEKSYEN 34 SHAH ALAM,P111,N49,SELANGOR,KOTA RAJA,SERI ANDALAS,1,927,954
107/39/11,ARA DAMANSARA,P107,N39,SELANGOR,SUBANG,KOTA DAMANSARA,11,2957,3231
102/28/01,SERDANG LAMA,P102,N28,SELANGOR,SERDANG,SERI KEMBANGAN,1,1330,1283
092/02/08,KAMPUNG SAPINTAS,P092,N02,SELANGOR,SABAK BERNAM,SABAK,8,780,799
097/15/10,SELAYANG UTAMA,P097,N15,SELANGOR,SELAYANG,TAMAN TEMPLER,10,2424,2443
097/13/06,PEKAN KUANG,P097,N13,SELANGOR,SELAYANG,KUANG,6,1666,1658
094/06/13,KAMPUNG BAHARU BATANG KALI,P094,N06,SELANGOR,HULU SELANGOR,KUALA KUBU BAHARU,13,796,772
094/07/10,TAMAN BUKIT TERATAI,P094,N07,SELANGOR,HULU SELANGOR,BATANG KALI,10,1863,1853
092/01/13,KAMPUNG BANTING,P092,N01,SELANGOR,SABAK BERNAM,SUNGAI AIR TAWAR,13,1171,1175
098/18/07,KERAMAT TENGAH AU 4,P098,N18,SELANGOR,GOMBAK,HULU KELANG,7,2023,2050
107/39/06,KAMPUNG MELAYU SUBANG,P107,N39,SELANGOR,SUBANG,KOTA DAMANSARA,6,3194,3163
092/02/12,PARIT ENAM,P092,N02,SELANGOR,SABAK BERNAM,SABAK,12,1112,1103
108/41/04,SHAH ALAM S 26,P108,N41,SELANGOR,SHAH ALAM,BATU TIGA,4,1215,1216
107/39/03,RRI SUNGAI BULOH,P107,N39,SELANGOR,SUBANG,KOTA DAMANSARA,3,1738,1700
108/40/23,APARTMENT S16,P108,N40,SELANGOR,SHAH ALAM,KOTA ANGGERIK,23,2736,2707
109/45/12,BAGAN TEO CHEW,P109,N45,SELANGOR,KAPAR,SELAT KLANG,12,1176,1156
110/47/05,PANDAMARAN,P110,N47,SELANGOR,KLANG,PANDAMARAN,5,3356,3305
092/02/06,SABAK BERNAM TIMUR,P092,N02,SELANGOR,SABAK BERNAM,SABAK,6,3671,3656
103/30/11,BATU 12 PUCHONG,P103,N30,SELANGOR,PUCHONG,KINRARA,11,2076,2094
098/16/06,SELAYANG BAHARU EMPAT,P098,N16,SELANGOR,GOMBAK,BATU CAVES,6,2846,2878
102/28/05,SERI KEMBANGAN 4,P102,N28,SELANGOR,SERDANG,SERI KEMBANGAN,5,1197,1166
108/40/16,TAMAN BERKELEY,P108,N40,SELANGOR,SHAH ALAM,KOTA ANGGERIK,16,3820,3781
108/40/20,SHAH ALAM S 13,P108,N40,SELANGOR,SHAH ALAM,KOTA ANGGERIK,20,1588,1703
101/23/07,BATU 14 HULU LANGAT,P101,N23,SELANGOR,HULU LANGAT,DUSUN TUA,7,1962,2010
099/20/08,TASIK PERMAI,P099,N20,SELANGOR,AMPANG,LEMBAH JAYA,8,4273,4266
099/20/07,BUKIT AMPANG,P099,N20,SELANGOR,AMPANG,LEMBAH JAYA,7,2455,2520
097/14/11,TAMAN BUKIT RAWANG,P097,N14,SELANGOR,SELAYANG,RAWANG,11,2256,2370
092/01/04,SUNGAI BERNAM,P092,N01,SELANGOR,SABAK BERNAM,SUNGAI AIR TAWAR,4,482,453
092/01/10,KAMPUNG TELUK RHU,P092,N01,SELANGOR,SABAK BERNAM,SUNGAI AIR TAWAR,10,586,594
093/04/11,SEKINCHAN,P093,N04,SELANGOR,SUNGAI BESAR,SEKINCHAN,11,1733,1709
107/37/05,BANDAR UTAMA BU 1 & BU 2,P107,N37,SELANGOR,SUBANG,BUKIT LANJAN,5,1994,2012
107/39/01,KEM SUNGAI BULOH,P107,N39,SELANGOR,SUBANG,KOTA DAMANSARA,1,1636,1562
102/27/14,TAMAN SRI BAHAGIA,P102,N27,SELANGOR,SERDANG,BALAKONG,14,3004,3130
095/09/08,LADANG RAJA MUSA,P095,N09,SELANGOR,TANJONG KARANG,PERMATANG,8,598,579
104/31/13,USJ 5,P104,N31,SELANGOR,KELANA JAYA,SUBANG JAYA,13,1625,1653
104/31/12,USJ 4,P104,N31,SELANGOR,KELANA JAYA,SUBANG JAYA,12,2470,2503
104/31/11,USJ 3,P104,N31,SELANGOR,KELANA JAYA,SUBANG JAYA,11,3693,3781
107/37/14,SRI DAMANSARA JALAN SD7 - JALAN SD9,P107,N37,SELANGOR,SUBANG,BUKIT LANJAN,3,2816,2940
099/19/10,KAMPUNG MELAYU AMPANG,P099,N19,SELANGOR,AMPANG,BUKIT ANTARABANGSA,10,2707,2666
098/18/17,KERAMAT AU 1B,P098,N18,SELANGOR,GOMBAK,HULU KELANG,17,1044,1059
094/06/11,KAMPUNG BAHARU RASA,P094,N06,SELANGOR,HULU SELANGOR,KUALA KUBU BAHARU,11,1513,1475
113/55/18,TAMAN PERMATA DENGKIL,P113,N55,SELANGOR,SEPANG,DENGKIL,18,1658,1609
094/05/05,KAMPUNG GESIR,P094,N05,SELANGOR,HULU SELANGOR,HULU BERNAM,5,1066,1099
109/45/01,SUNGAI BERTIH SELATAN,P109,N45,SELANGOR,KAPAR,SELAT KLANG,1,4480,4552
099/19/04,BUKIT ANTARABANGSA,P099,N19,SELANGOR,AMPANG,BUKIT ANTARABANGSA,4,3982,4078
095/09/01,HULU TIRAM BURUK,P095,N09,SELANGOR,TANJONG KARANG,PERMATANG,1,2041,2055
092/01/01,PARIT BAHARU BARUH,P092,N01,SELANGOR,SABAK BERNAM,SUNGAI AIR TAWAR,1,740,712
113/55/09,KAMPUNG DATO ABU BAKAR BAGINDA,P113,N55,SELANGOR,SEPANG,DENGKIL,9,1926,1934
113/54/03,TANJONG RHU,P113,N54,SELANGOR,SEPANG,TANJONG SEPAT,3,1208,1168
096/12/10,SIMPANG TIGA,P096,N12,SELANGOR,KUALA SELANGOR,JERAM,10,1087,1071
102/26/02,REKO UTARA,P102,N26,SELANGOR,SERDANG,BANGI,2,1332,1335
096/12/16,SASARAN JERAM,P096,N12,SELANGOR,KUALA SELANGOR,JERAM,16,1187,1191
103/29/04,BATU 13 PUCHONG,P103,N29,SELANGOR,PUCHONG,SERI SERDANG,4,3020,3032
104/32/03,SS 5D,P104,N32,SELANGOR,KELANA JAYA,SERI SETIA,3,1669,1658
111/49/02,SUNGAI KANDIS,P111,N49,SELANGOR,KOTA RAJA,SERI ANDALAS,2,1746,1762
104/31/14,USJ 6,P104,N31,SELANGOR,KELANA JAYA,SUBANG JAYA,14,4167,4194
112/53/07,PULAU BANTING,P112,N53,SELANGOR,KUALA LANGAT,MORIB,7,902,903
097/15/19,KAMPUNG SELAYANG PERMAI,P097,N15,SELANGOR,SELAYANG,TAMAN TEMPLER,19,1939,1941
110/46/11,TELUK GONG SELATAN,P110,N46,SELANGOR,KLANG,PELABUHAN KLANG,11,3706,3667
097/15/18,TAMAN BIDARA,P097,N15,SELANGOR,SELAYANG,TAMAN TEMPLER,18,2348,2397
113/54/07,TANJONG SEPAT TEMPATAN 4,P113,N54,SELANGOR,SEPANG,TANJONG SEPAT,7,498,481
109/42/06,PEKAN MERU,P109,N42,SELANGOR,KAPAR,MERU,6,4106,4185
109/44/08,PASAR JAWA,P109,N44,SELANGOR,KAPAR,SUNGAI PINANG,8,2586,2501
102/27/05,CHERAS PERDANA,P102,N27,SELANGOR,SERDANG,BALAKONG,5,4507,4646
109/45/04,JALAN YADI,P109,N45,SELANGOR,KAPAR,SELAT KLANG,4,4367,4320
104/32/06,SERI SETIA,P104,N32,SELANGOR,KELANA JAYA,SERI SETIA,6,2147,2095
112/51/14,BATU 10 KEBUN BAHARU,P112,N51,SELANGOR,KUALA LANGAT,SIJANGKANG,14,4040,4108
113/56/03,SALAK JIJAN,P113,N56,SELANGOR,SEPANG,SUNGAI PELEK,3,1334,1329
108/40/03,TAMAN TTDI JAYA,P108,N40,SELANGOR,SHAH ALAM,KOTA ANGGERIK,3,2595,2693
103/29/09,BATU 14 PUCHONG,P103,N29,SELANGOR,PUCHONG,SERI SERDANG,9,3208,3143
101/25/11,SUNGAI CHUA EMPAT,P101,N25,SELANGOR,HULU LANGAT,KAJANG,11,816,782
106/35/08,SS 3 BARAT,P106,N35,SELANGOR,PETALING JAYA UTARA,KAMPUNG TUNKU,8,2620,2582
112/51/07,JENJARUM,P112,N51,SELANGOR,KUALA LANGAT,SIJANGKANG,7,3553,3634
111/50/17,HAJI HUSIN JALAN KEBUN,P111,N50,SELANGOR,KOTA RAJA,SRI MUDA,17,1626,1657
101/25/07,KAJANG,P101,N25,SELANGOR,HULU LANGAT,KAJANG,7,2198,2160
101/25/06,TAMAN KAJANG BAHARU,P101,N25,SELANGOR,HULU LANGAT,KAJANG,6,4423,4530
094/07/02,BATANG KALI,P094,N07,SELANGOR,HULU SELANGOR,BATANG KALI,2,4840,4960
094/05/10,KAMPUNG HULU BERNAM,P094,N05,SELANGOR,HULU SELANGOR,HULU BERNAM,10,2072,2061
107/39/13,KAMPUNG BAHARU SUNGAI BULOH DEWAN,P107,N39,SELANGOR,SUBANG,KOTA DAMANSARA,13,1866,1858
110/46/08,PULAU INDAH UTARA,P110,N46,SELANGOR,KLANG,PELABUHAN KLANG,8,1621,1641
102/27/12,TAMAN BUKIT BELIMBING,P102,N27,SELANGOR,SERDANG,BALAKONG,12,1455,1559
101/25/12,SUNGAI CHUA LIMA,P101,N25,SELANGOR,HULU LANGAT,KAJANG,12,1834,1809
105/33/02,SEKSYEN 14 SELATAN,P105,N33,SELANGOR,PETALING JAYA SELATAN,TAMAN MEDAN,2,1631,1597
096/12/02,LADANG BUKIT IJOK,P096,N12,SELANGOR,KUALA SELANGOR,JERAM,2,154,151
105/33/12,PJS 4,P105,N33,SELANGOR,PETALING JAYA SELATAN,TAMAN MEDAN,12,4222,4191
110/46/04,JALAN PADANG,P110,N46,SELANGOR,KLANG,PELABUHAN KLANG,4,792,763
097/15/04,SELAYANG BAHARU TIGA,P097,N15,SELANGOR,SELAYANG,TAMAN TEMPLER,4,3188,3165
112/52/03,KAMPUNG JENJARUM,P112,N52,SELANGOR,KUALA LANGAT,TELUK DATUK,3,3501,3509
113/56/12,BANDAR BARU SALAK TINGGI,P113,N56,SELANGOR,SEPANG,SUNGAI PELEK,12,4916,5090
100/22/16,TAMAN SAGA,P100,N22,SELANGOR,PANDAN,TERATAI,16,1797,1850
107/38/13,PAYA JARAS HILIR,P107,N38,SELANGOR,SUBANG,PAYA JARAS,13,1793,1832
095/08/16,BAGAN PASIR TANJONG KARANG,P095,N08,SELANGOR,TANJONG KARANG,SUNGAI BURONG,16,930,920
107/37/11,BANDAR UTAMA BU 10 - BU 12,P107,N37,SELANGOR,SUBANG,BUKIT LANJAN,11,2592,2673
113/54/06,TANJONG SEPAT TEMPATAN 3,P113,N54,SELANGOR,SEPANG,TANJONG SEPAT,6,252,241
109/43/01,KAMPUNG SUNGAI SERDANG,P109,N43,SELANGOR,KAPAR,SEMENTA,1,2195,2175
110/48/13,TAMAN GEMBIRA 2,P110,N48,SELANGOR,KLANG,KOTA ALAM SHAH,13,2015,1971
110/48/12,TAMAN BAYU PERDANA,P110,N48,SELANGOR,KLANG,KOTA ALAM SHAH,12,4230,4607
096/12/12,SUNGAI SEMBILANG,P096,N12,SELANGOR,KUALA SELANGOR,JERAM,12,1354,1336
099/20/14,KAMPUNG TENGAH LEMBAH JAYA,P099,N20,SELANGOR,AMPANG,LEMBAH JAYA,14,1129,1104
097/14/05,KAMPUNG MELAYU,P097,N14,SELANGOR,SELAYANG,RAWANG,5,1289,1264
096/12/13,TAMBAK JAWA,P096,N12,SELANGOR,KUALA SELANGOR,JERAM,13,1585,1560
096/11/09,BESTARI JAYA UTARA,P096,N11,SELANGOR,KUALA SELANGOR,IJOK,9,3556,3544
094/07/13,BANDAR SUNGAI BUAYA,P094,N07,SELANGOR,HULU SELANGOR,BATANG KALI,13,1706,1811
094/06/08,LEMBAH BERINGIN,P094,N06,SELANGOR,HULU SELANGOR,KUALA KUBU BAHARU,8,921,905
094/06/01,KAMPUNG BAHARU KERLING,P094,N06,SELANGOR,HULU SELANGOR,KUALA KUBU BAHARU,1,1012,991
092/02/10,BAGAN TERAP PARIT SEMBILAN,P092,N02,SELANGOR,SABAK BERNAM,SABAK,10,1128,1141
112/51/08,JENJARUM TEMPATAN PERTAMA,P112,N51,SELANGOR,KUALA LANGAT,SIJANGKANG,8,1269,1257
110/46/14,SERI PENDAMAR,P110,N46,SELANGOR,KLANG,PELABUHAN KLANG,14,3783,4001
108/40/14,SHAH ALAM S 18 BARAT 1,P108,N40,SELANGOR,SHAH ALAM,KOTA ANGGERIK,14,2618,2631
101/24/13,SUNGAI JAI,P101,N24,SELANGOR,HULU LANGAT,SEMENYIH,13,670,666
113/54/04,TANJONG SEPAT TEMPATAN 1,P113,N54,SELANGOR,SEPANG,TANJONG SEPAT,4,2268,2230
094/05/06,KAMPUNG SUNGAI DUSUN,P094,N05,SELANGOR,HULU SELANGOR,HULU BERNAM,6,2606,2576
101/25/15,BANDAR KAJANG,P101,N25,SELANGOR,HULU LANGAT,KAJANG,15,1210,1249
107/39/02,KAMPUNG BAHARU SUNGAI BULOH SEKOLAH,P107,N39,SELANGOR,SUBANG,KOTA DAMANSARA,2,3102,3057
107/37/10,BANDAR UTAMA BU 3 - BU 8,P107,N37,SELANGOR,SUBANG,BUKIT LANJAN,10,4301,4372
107/37/09,DAMANSARA DAMAI,P107,N37,SELANGOR,SUBANG,BUKIT LANJAN,9,4231,4507
098/18/16,LEMBAH KERAMAT AU 5D,P098,N18,SELANGOR,GOMBAK,HULU KELANG,16,1183,1190
094/07/17,KAMPUNG BAHARU SERENDAH,P094,N07,SELANGOR,HULU SELANGOR,BATANG KALI,17,2756,2739
106/35/03,SEKSYEN 20 SELATAN,P106,N35,SELANGOR,PETALING JAYA UTARA,KAMPUNG TUNKU,3,1775,1741
113/55/03,LABUHAN DAGANG,P113,N55,SELANGOR,SEPANG,DENGKIL,3,2833,2849
104/31/15,USJ 7 & 8,P104,N31,SELANGOR,KELANA JAYA,SUBANG JAYA,15,3635,3715
109/45/13,SUNGAI UDANG SELATAN,P109,N45,SELANGOR,KAPAR,SELAT KLANG,13,4780,4752
098/18/11,KERAMAT PANGSA,P098,N18,SELANGOR,GOMBAK,HULU KELANG,11,2020,1978
098/18/09,SRI KERAMAT AU 2A,P098,N18,SELANGOR,GOMBAK,HULU KELANG,9,3658,3617
107/37/01,DESA JAYA JALAN 1 - JALAN 19,P107,N37,SELANGOR,SUBANG,BUKIT LANJAN,1,2602,2543
099/20/12,KAMPUNG BAHARU AMPANG PERTAMA,P099,N20,SELANGOR,AMPANG,LEMBAH JAYA,12,1333,1295
097/13/03,BATU ARANG SELATAN,P097,N13,SELANGOR,SELAYANG,KUANG,3,1594,1581
095/08/03,SUNGAI BURONG BENDANG,P095,N08,SELANGOR,TANJONG KARANG,SUNGAI BURONG,3,1526,1585
109/42/11,BUKIT KAPAR SELATAN,P109,N42,SELANGOR,KAPAR,MERU,11,3371,3477
096/12/05,BUKIT HIJAU,P096,N12,SELANGOR,KUALA SELANGOR,JERAM,5,1557,1566
096/12/03,PARIT MAHANG,P096,N12,SELANGOR,KUALA SELANGOR,JERAM,3,1404,1437
111/49/04,LLN CONNOUGHT BRIDGE,P111,N49,SELANGOR,KOTA RAJA,SERI ANDALAS,4,1851,1861
111/49/11,SENTOSA DATO YUSOF SHAHBUDDIN,P111,N49,SELANGOR,KOTA RAJA,SERI ANDALAS,11,4168,4458
111/49/06,KAMPUNG JAWA,P111,N49,SELANGOR,HULU LANGAT,DUSUN TUA,3,715,696
111/50/07,JOHAN SETIA,P111,N50,SELANGOR,KOTA RAJA,SRI MUDA,7,3437,3475
110/47/09,JALAN KASTAM,P110,N47,SELANGOR,KLANG,PANDAMARAN,9,1888,1848
109/44/11,PERSIARAN SULTAN IBRAHIM 1,P109,N44,SELANGOR,KAPAR,SUNGAI PINANG,11,2368,2362
103/29/25,SERI INDAH,P103,N29,SELANGOR,PUCHONG,SERI SERDANG,25,1307,1234
102/26/11,REKO SELATAN,P102,N26,SELANGOR,SERDANG,BANGI,11,2373,2330
101/24/15,KUALA PAJAM,P101,N24,SELANGOR,HULU LANGAT,SEMENYIH,15,928,912
101/24/11,SESAPAN KELUBI,P101,N24,SELANGOR,HULU LANGAT,SEMENYIH,11,584,581
096/10/08,BUKIT ROTAN,P096,N10,SELANGOR,KUALA SELANGOR,BUKIT MELAWATI,8,1577,1554
096/12/18,BANDAR PUNCAK ALAM,P096,N12,SELANGOR,KUALA SELANGOR,JERAM,18,3007,3384
110/46/01,KAMPUNG PENDAMAR,P110,N46,SELANGOR,KLANG,PELABUHAN KLANG,1,1739,1769
100/22/10,TAMAN MAWAR,P100,N22,SELANGOR,PANDAN,TERATAI,10,824,841
107/38/05,BUKIT RAHMAN PUTRA,P107,N38,SELANGOR,SUBANG,PAYA JARAS,5,3257,3373
097/15/16,TAMAN DAYA,P097,N15,SELANGOR,SELAYANG,TAMAN TEMPLER,16,2081,2162
097/15/15,SELAYANG JAYA,P097,N15,SELANGOR,SELAYANG,TAMAN TEMPLER,15,3659,3717
101/23/18,BANDAR MAHKOTA,P101,N23,SELANGOR,HULU LANGAT,DUSUN TUA,18,2434,2807
112/52/12,BUKIT CHEEDING (A),P112,N52,SELANGOR,KUALA LANGAT,TELUK DATUK,12,1245,1473
111/49/10,TAMAN KLANG JAYA 1,P111,N49,SELANGOR,KOTA RAJA,SERI ANDALAS,10,3693,3741
099/20/11,KAMPUNG BAHARU AMPANG KEDUA,P099,N20,SELANGOR,AMPANG,LEMBAH JAYA,11,2311,2353
099/19/06,AMPANG JAYA,P099,N19,SELANGOR,AMPANG,BUKIT ANTARABANGSA,6,2475,2434
098/18/12,KUALA AMPANG,P098,N18,SELANGOR,GOMBAK,HULU KELANG,12,2991,2914
099/19/09,AMPANG HILIR,P099,N19,SELANGOR,AMPANG,BUKIT ANTARABANGSA,9,4231,4233
099/19/07,TAMAN PERWIRA,P099,N19,SELANGOR,AMPANG,BUKIT ANTARABANGSA,7,2910,2876
099/20/21,BANDAR BARU AMPANG,P099,N20,SELANGOR,AMPANG,LEMBAH JAYA,21,2663,2772
097/14/08,TAMAN SRI HIJAU,P097,N14,SELANGOR,SELAYANG,RAWANG,8,2058,2090
096/10/11,KAMPUNG LUBUK JAYA,P096,N10,SELANGOR,KUALA SELANGOR,BUKIT MELAWATI,11,85,82
096/11/03,JAYA SETIA,P096,N11,SELANGOR,KUALA SELANGOR,IJOK,3,1520,1504
096/12/01,FELDA BUKIT CHERAKAH,P096,N12,SELANGOR,KUALA SELANGOR,JERAM,1,1001,1002
095/09/12,HUJUNG PERMATANG,P095,N09,SELANGOR,TANJONG KARANG,PERMATANG,12,696,704
095/08/01,TERUSAN BESAR,P095,N08,SELANGOR,TANJONG KARANG,SUNGAI BURONG,1,774,734
112/53/08,PEKAN BANTING,P112,N53,SELANGOR,KUALA LANGAT,MORIB,8,3056,3061
113/55/11,DESA PUTRA,P113,N55,SELANGOR,SEPANG,DENGKIL,11,2145,2240
095/09/16,SUNGAI YU,P095,N09,SELANGOR,TANJONG KARANG,PERMATANG,16,1181,1256
098/16/12,BATU 8 SUNGAI TUA,P098,N16,SELANGOR,GOMBAK,BATU CAVES,12,763,775
098/17/02,SRI GOMBAK 9,P098,N17,SELANGOR,GOMBAK,GOMBAK SETIA,2,3422,3510
113/55/07,PULAU MERANTI,P113,N55,SELANGOR,SEPANG,DENGKIL,7,2642,2727
112/53/03,BANDAR,P112,N53,SELANGOR,KUALA LANGAT,MORIB,3,1640,1647
109/45/14,KAMPONG DELEK KANAN,P109,N45,SELANGOR,KAPAR,SELAT KLANG,14,2335,2418
094/06/06,KAMPUNG AIR JERNIH,P094,N06,SELANGOR,HULU SELANGOR,KUALA KUBU BAHARU,6,2082,2075
111/49/17,JALAN RAYA TIMUR,P111,N49,SELANGOR,KOTA RAJA,SERI ANDALAS,17,744,721
095/08/09,SAWAH SEMPADAN SELATAN,P095,N08,SELANGOR,TANJONG KARANG,SUNGAI BURONG,9,737,752
094/06/12,PEKAN RASA,P094,N06,SELANGOR,HULU SELANGOR,KUALA KUBU BAHARU,12,2231,2257
111/49/12,BUKIT JATI,P111,N49,SELANGOR,KOTA RAJA,SERI ANDALAS,12,2482,2481
109/43/05,BATU 9 KAPAR,P109,N43,SELANGOR,KAPAR,SEMENTA,5,2816,2861
102/27/03,PERIMBUN,P102,N27,SELANGOR,SERDANG,BALAKONG,3,5165,5397
105/33/06,SEKSYEN 2 PETALING JAYA,P105,N33,SELANGOR,PETALING JAYA SELATAN,TAMAN MEDAN,6,2014,1955
095/08/12,SUNGAI KAJANG,P095,N08,SELANGOR,TANJONG KARANG,SUNGAI BURONG,12,2929,2983
101/24/01,SUNGAI JELUK,P101,N24,SELANGOR,HULU LANGAT,SEMENYIH,1,4985,5157
100/22/06,TAMAN PUTRA,P100,N22,SELANGOR,PANDAN,TERATAI,6,2848,2875
100/21/12,LORONG BERSIH KAMPUNG PANDAN,P100,N21,SELANGOR,PANDAN,CHEMPAKA,12,1366,1387
097/13/09,KAMPUNG CEMPEDAK,P097,N13,SELANGOR,SELAYANG,KUANG,9,1604,1577
092/02/02,KAMPUNG AIR MANIS,P092,N02,SELANGOR,SABAK BERNAM,SABAK,2,889,918
093/03/06,BAGAN SUNGAI BESAR,P093,N03,SELANGOR,SUNGAI BESAR,SUNGAI PANJANG,6,1552,1535
107/39/14,JALAN MERBAU KAMPUNG MELAYU SUBANG,P107,N39,SELANGOR,SUBANG,KOTA DAMANSARA,14,2050,2093
110/47/03,KAWASAN SEKOLAH CINA 'B',P110,N47,SELANGOR,KLANG,PANDAMARAN,3,3217,3187
106/35/05,KAMPUNG TUNKU UTARA,P106,N35,SELANGOR,PETALING JAYA UTARA,KAMPUNG TUNKU,5,2216,2198
096/12/09,JERAM UTARA,P096,N12,SELANGOR,KUALA SELANGOR,JERAM,9,1839,1842
101/24/14,BERANANG,P101,N24,SELANGOR,HULU LANGAT,SEMENYIH,14,890,863
097/15/08,SELAYANG PANDANG,P097,N15,SELANGOR,SELAYANG,TAMAN TEMPLER,8,2286,2275
105/33/09,TAMAN DATO HARUN 1,P105,N33,SELANGOR,PETALING JAYA SELATAN,TAMAN MEDAN,9,2402,2278
109/43/15,TAMAN CHEMPAKA SARI,P109,N43,SELANGOR,KAPAR,SEMENTA,15,1567,1625
101/24/17,TAMAN ASA JAYA,P101,N24,SELANGOR,HULU LANGAT,SEMENYIH,17,1464,1522
099/19/12,KAMPUNG BAHARU AMPANG 2,P099,N19,SELANGOR,AMPANG,BUKIT ANTARABANGSA,12,2608,2624
100/22/08,TAMAN MELOR,P100,N22,SELANGOR,PANDAN,TERATAI,8,2094,2110
103/29/01,SERDANG JAYA 1,P103,N29,SELANGOR,PUCHONG,SERI SERDANG,1,2547,2543
102/27/11,CHERAS JAYA,P102,N27,SELANGOR,SERDANG,BALAKONG,11,2832,3032
102/26/12,TAMAN KAJANG MEWAH,P102,N26,SELANGOR,SERDANG,BANGI,12,4471,4748
093/03/03,PARIT 6 - 12 SUNGAI PANJANG,P093,N03,SELANGOR,SUNGAI BESAR,SUNGAI PANJANG,3,1401,1384
097/14/09,KANCHING,P097,N14,SELANGOR,SELAYANG,RAWANG,9,3122,3212
110/46/12,PANDAMARAN JAYA TIMUR,P110,N46,SELANGOR,KLANG,PELABUHAN KLANG,12,4008,4026
094/06/09,LADANG NIGEL GARDNER,P094,N06,SELANGOR,HULU SELANGOR,KUALA KUBU BAHARU,9,1065,990
109/44/05,PERSIARAN SULTAN IBRAHIM 2,P109,N44,SELANGOR,KAPAR,SUNGAI PINANG,5,2814,2744
096/10/09,API-API,P096,N10,SELANGOR,KUALA SELANGOR,BUKIT MELAWATI,9,1722,1775
097/13/11,BANDAR TASIK PUTERI,P097,N13,SELANGOR,SELAYANG,KUANG,11,3757,4069
096/12/04,BUKIT CHERAKAH,P096,N12,SELANGOR,KUALA SELANGOR,JERAM,4,1895,1871
094/06/07,KERLING,P094,N06,SELANGOR,HULU SELANGOR,KUALA KUBU BAHARU,7,1550,1530
095/08/05,SUNGAI BURONG SELATAN,P095,N08,SELANGOR,TANJONG KARANG,SUNGAI BURONG,5,1842,1866
093/04/05,SUNGAI LEMAN KAMPUNG LAUT,P093,N04,SELANGOR,SUNGAI BESAR,SEKINCHAN,5,422,387
097/15/14,LEMBAH MUTIARA,P097,N15,SELANGOR,SELAYANG,TAMAN TEMPLER,14,3184,3079
108/41/10,SHAH ALAM S 17 TIMUR,P108,N41,SELANGOR,SHAH ALAM,BATU TIGA,10,4140,4161
098/17/08,GOMBAK SETIA,P098,N17,SELANGOR,GOMBAK,GOMBAK SETIA,8,3107,3094
097/14/12,KAMPUNG TANJUNG,P097,N14,SELANGOR,SELAYANG,RAWANG,12,286,287
092/01/11,SIMPANG EMPAT,P092,N01,SELANGOR,SABAK BERNAM,SUNGAI AIR TAWAR,11,1892,1876
113/56/10,SUNGAI PELEK DUA,P113,N56,SELANGOR,SEPANG,SUNGAI PELEK,10,3180,3118
100/21/09,TAMAN DAGANG,P100,N21,SELANGOR,PANDAN,CHEMPAKA,9,2291,2349
113/54/13,SUNGAI LANG,P113,N54,SELANGOR,SEPANG,TANJONG SEPAT,13,2471,2474
112/51/12,TELUK 2,P112,N51,SELANGOR,KUALA LANGAT,SIJANGKANG,12,1750,1783
112/53/01,SUNGAI BUAYA,P112,N53,SELANGOR,HULU SELANGOR,BATANG KALI,11,1812,1772
112/53/10,KELANANG,P112,N53,SELANGOR,KUALA LANGAT,MORIB,10,2555,2547
113/56/11,SUNGAI PELEK EMPAT,P113,N56,SELANGOR,SEPANG,SUNGAI PELEK,11,1633,1668
097/14/13,BANDAR COUNTRY HOME 2,P097,N14,SELANGOR,SELAYANG,RAWANG,13,2813,2941
097/13/04,PENGKALAN KUNDANG,P097,N13,SELANGOR,SELAYANG,KUANG,4,3523,3590
094/07/05,HULU YAM TIMUR,P094,N07,SELANGOR,HULU SELANGOR,BATANG KALI,5,2205,2198
094/07/11,SUNGAI BUAYA,P094,N07,SELANGOR,HULU SELANGOR,BATANG KALI,11,1812,1772
094/05/07,KAMPUNG DESA MAJU,P094,N05,SELANGOR,HULU SELANGOR,HULU BERNAM,7,2229,2179
098/16/02,TAMAN JASA,P098,N16,SELANGOR,GOMBAK,BATU CAVES,2,1962,1979
098/17/12,BATU 9 GOMBAK,P098,N17,SELANGOR,GOMBAK,GOMBAK SETIA,12,3376,3417
098/16/01,WIRA DAMAI,P098,N16,SELANGOR,GOMBAK,BATU CAVES,1,3750,3787
097/15/01,BATU 16 RAWANG,P097,N15,SELANGOR,SELAYANG,TAMAN TEMPLER,1,2093,2138
094/07/03,HULU KALI,P094,N07,SELANGOR,HULU SELANGOR,BATANG KALI,3,2868,2862
093/03/01,PARIT 16 - BELIA 2,P093,N03,SELANGOR,SUNGAI BESAR,SUNGAI PANJANG,1,1587,1646
109/43/13,BATU 10 KAPAR,P109,N43,SELANGOR,KAPAR,SEMENTA,13,2388,2412
094/06/05,BANDAR KUALA KUBU BAHARU,P094,N06,SELANGOR,HULU SELANGOR,KUALA KUBU BAHARU,5,3476,3577
102/27/02,BANDAR DAMAI PERDANA,P102,N27,SELANGOR,SERDANG,BALAKONG,2,2367,2696
095/08/07,SUNGAI SIREH,P095,N08,SELANGOR,TANJONG KARANG,SUNGAI BURONG,7,2359,2385
095/08/04,SUNGAI BURONG UTARA,P095,N08,SELANGOR,TANJONG KARANG,SUNGAI BURONG,4,1409,1431
108/40/04,SHAH ALAM S 9,P108,N40,SELANGOR,SHAH ALAM,KOTA ANGGERIK,4,2508,2616
111/49/09,TAMAN SERI ANDALAS 2,P111,N49,SELANGOR,KOTA RAJA,SERI ANDALAS,9,0,3308
103/29/14,TAMAN PINGGIRAN PUTRA,P103,N29,SELANGOR,PUCHONG,SERI SERDANG,14,4775,5199
111/49/07,KOTA RAJA,P111,N49,SELANGOR,KOTA RAJA,SERI ANDALAS,7,4966,5201
102/28/11,SERI KEMBANGAN 12,P102,N28,SELANGOR,SERDANG,SERI KEMBANGAN,11,629,616
096/11/04,BUKIT BADONG,P096,N11,SELANGOR,KUALA SELANGOR,IJOK,4,2730,2762
108/40/02,MONTEREZ,P108,N40,SELANGOR,SHAH ALAM,KOTA ANGGERIK,2,2151,2570
095/09/11,SUNGAI GULANG-GULANG,P095,N09,SELANGOR,TANJONG KARANG,PERMATANG,11,1675,1693
103/29/13,TAMAN PUCHONG UTAMA,P103,N29,SELANGOR,PUCHONG,SERI SERDANG,13,3870,4020
112/52/07,KOTA SRI LANGAT,P112,N52,SELANGOR,KUALA LANGAT,TELUK DATUK,7,1312,1286
110/48/11,TAMAN SELATAN 2,P110,N48,SELANGOR,KLANG,KOTA ALAM SHAH,11,1977,1988
095/09/17,SUNGAI TERAP,P095,N09,SELANGOR,TANJONG KARANG,PERMATANG,17,1048,1058
102/28/15,BUKIT SERDANG,P102,N28,SELANGOR,SERDANG,SERI KEMBANGAN,15,4868,5121
099/19/05,UKAY HEIGHT,P099,N19,SELANGOR,AMPANG,BUKIT ANTARABANGSA,5,837,839
107/38/14,MATANG PAGAR,P107,N38,SELANGOR,SUBANG,PAYA JARAS,14,2090,2210
109/42/01,KAPAR,P109,N42,SELANGOR,KAPAR,MERU,1,747,708
108/41/03,PINGGIRAN USJ,P108,N41,SELANGOR,SHAH ALAM,BATU TIGA,3,1036,1093
113/55/12,JENDERAM HILIR,P113,N55,SELANGOR,SEPANG,DENGKIL,12,1673,1697
097/15/05,SELAYANG BAHARU DUA,P097,N15,SELANGOR,SELAYANG,TAMAN TEMPLER,5,1982,1941
105/33/15,PJS 2,P105,N33,SELANGOR,PETALING JAYA SELATAN,TAMAN MEDAN,15,3764,3982
106/36/02,SS 20,P106,N36,SELANGOR,PETALING JAYA UTARA,DAMANSARA UTAMA,2,2776,2771
092/01/14,KAMPUNG BATU 38 BARUH,P092,N01,SELANGOR,SABAK BERNAM,SUNGAI AIR TAWAR,14,1087,1095
105/33/14,PETALING UTAMA,P105,N33,SELANGOR,PETALING JAYA SELATAN,TAMAN MEDAN,14,1291,1258
112/51/05,BATU 9 KEBUN BAHARU,P112,N51,SELANGOR,KUALA LANGAT,SIJANGKANG,5,0,5338
099/19/11,PEKAN AMPANG,P099,N19,SELANGOR,AMPANG,BUKIT ANTARABANGSA,11,2285,2190
096/11/02,BESTARI JAYA SELATAN,P096,N11,SELANGOR,KUALA SELANGOR,IJOK,2,2397,2357
098/18/13,MELAWATI JALAN F & H,P098,N18,SELANGOR,GOMBAK,HULU KELANG,13,3321,3364
105/33/13,BAIDURI,P105,N33,SELANGOR,PETALING JAYA SELATAN,TAMAN MEDAN,13,3612,3549
105/33/08,MEDAN PEJASA,P105,N33,SELANGOR,PETALING JAYA SELATAN,TAMAN MEDAN,8,2231,2382
096/10/02,BANDAR BARU,P096,N10,SELANGOR,KUALA SELANGOR,BUKIT MELAWATI,2,3651,3841
095/09/02,HULU TIRAM BURUK UTARA,P095,N09,SELANGOR,TANJONG KARANG,PERMATANG,2,760,777
112/52/06,JENJARUM TEMPATAN KEEMPAT,P112,N52,SELANGOR,KUALA LANGAT,TELUK DATUK,6,1559,1559
109/43/03,PEREPAT,P109,N43,SELANGOR,KAPAR,SEMENTA,3,2779,2859
099/19/13,KAMPUNG SRI TANJUNG,P099,N19,SELANGOR,AMPANG,BUKIT ANTARABANGSA,13,1466,1443
099/20/10,AMPANG CAMPURAN JALAN IKAN EMAS,P099,N20,SELANGOR,AMPANG,LEMBAH JAYA,10,2368,2306
112/53/13,SIMPANG MORIB,P112,N53,SELANGOR,KUALA LANGAT,MORIB,13,1149,1137
112/52/09,SUNGAI MANGGIS SELATAN,P112,N52,SELANGOR,KUALA LANGAT,TELUK DATUK,9,946,962
093/03/18,PARIT 6 - 12 TIMUR,P093,N03,SELANGOR,SUNGAI BESAR,SUNGAI PANJANG,18,299,304
109/43/16,TAMAN KLANG UTAMA 2,P109,N43,SELANGOR,KAPAR,SEMENTA,16,3022,3157
094/05/14,KAMPUNG BAHARU KALUMPANG,P094,N05,SELANGOR,HULU SELANGOR,HULU BERNAM,14,1625,1601
097/13/08,KAMPUNG KUANG,P097,N13,SELANGOR,SELAYANG,KUANG,8,3002,3047
101/23/10,BATU 9 CHERAS,P101,N23,SELANGOR,HULU LANGAT,DUSUN TUA,10,3045,3010
109/44/03,KAMPUNG BATU TIGA,P109,N44,SELANGOR,KAPAR,SUNGAI PINANG,3,2683,2776
113/56/09,SUNGAI PELEK TIGA,P113,N56,SELANGOR,SEPANG,SUNGAI PELEK,9,1788,1794
103/29/08,KAMPUNG SRI AMAN,P103,N29,SELANGOR,PUCHONG,SERI SERDANG,8,3474,3458
093/04/02,SUNGAI LEMAN BENDANG TENGAH,P093,N04,SELANGOR,SUNGAI BESAR,SEKINCHAN,2,1175,1198
110/48/02,KAMPUNG ATTAP,P110,N48,SELANGOR,KLANG,KOTA ALAM SHAH,2,1048,1047
109/43/11,BATU 11 & 12 KAPAR,P109,N43,SELANGOR,KAPAR,SEMENTA,11,2604,2567
097/13/10,SRI KUNDANG,P097,N13,SELANGOR,SELAYANG,KUANG,10,3425,3438
110/48/04,BUKIT ISTANA,P110,N48,SELANGOR,KLANG,KOTA ALAM SHAH,4,1246,1186
108/40/21,SHAH ALAM S 18 BARAT 2,P108,N40,SELANGOR,SHAH ALAM,KOTA ANGGERIK,21,2557,2544
106/36/10,SS 26,P106,N36,SELANGOR,PETALING JAYA UTARA,DAMANSARA UTAMA,10,2293,2276
099/20/09,TASIK TAMBAHAN UTARA,P099,N20,SELANGOR,AMPANG,LEMBAH JAYA,9,2716,2698
094/07/14,BUKIT SENTOSA 1 HINGGA 5,P094,N07,SELANGOR,HULU SELANGOR,BATANG KALI,14,2369,2436
101/23/16,KAMPUNG MELAKA,P101,N23,SELANGOR,HULU LANGAT,DUSUN TUA,16,1655,1725
101/24/07,SEMENYIH,P101,N24,SELANGOR,HULU LANGAT,SEMENYIH,7,3935,3992
109/45/08,SRI PERANTAU,P109,N45,SELANGOR,KAPAR,SELAT KLANG,8,3010,3085
113/55/17,BANDAR PUTRA PERDANA,P113,N55,SELANGOR,SEPANG,DENGKIL,17,3489,3696
097/13/02,BATU ARANG TIMUR,P097,N13,SELANGOR,SELAYANG,KUANG,2,1345,1320
106/36/01,SS 21 UTARA,P106,N36,SELANGOR,PETALING JAYA UTARA,DAMANSARA UTAMA,1,2734,2714
094/07/12,BUKIT BERUNTUNG,P094,N07,SELANGOR,HULU SELANGOR,BATANG KALI,12,2620,2733
109/42/12,TAMAN MERU INDAH,P109,N42,SELANGOR,KAPAR,MERU,12,1138,1171
098/17/13,TAMAN KAMARIAH,P098,N17,SELANGOR,GOMBAK,GOMBAK SETIA,13,812,802
110/48/06,TAMAN GEMBIRA 1,P110,N48,SELANGOR,KLANG,KOTA ALAM SHAH,6,3664,3691
098/17/03,TAMAN SELASEH,P098,N17,SELANGOR,GOMBAK,GOMBAK SETIA,3,4447,4638
093/03/09,SUNGAI HAJI DORANI,P093,N03,SELANGOR,SUNGAI BESAR,SUNGAI PANJANG,9,2170,2156
113/56/05,SEPANG UTARA,P113,N56,SELANGOR,SEPANG,SUNGAI PELEK,5,1903,1888
104/31/18,USJ 12,P104,N31,SELANGOR,KELANA JAYA,SUBANG JAYA,18,1652,1678
092/01/08,KAMPUNG TELUK BELANGA,P092,N01,SELANGOR,SABAK BERNAM,SUNGAI AIR TAWAR,8,144,139
096/11/07,SIMPANG IJOK,P096,N11,SELANGOR,KUALA SELANGOR,IJOK,7,1593,1622
102/28/20,SERDANG RAYA,P102,N28,SELANGOR,SERDANG,SERI KEMBANGAN,20,3445,3537
102/27/15,BALAKONG JAYA,P102,N27,SELANGOR,SERDANG,BALAKONG,15,1926,1974
103/29/03,KAWASAN UPM,P103,N29,SELANGOR,PUCHONG,SERI SERDANG,3,2164,2098
103/29/10,SERI SERDANG SELATAN 1,P103,N29,SELANGOR,PUCHONG,SERI SERDANG,10,2408,2386
096/11/01,SUNGAI DARAH,P096,N11,SELANGOR,KUALA SELANGOR,IJOK,1,1501,1491
112/51/13,SUNGAI BUMBUN,P112,N51,SELANGOR,KUALA LANGAT,SIJANGKANG,13,704,710
098/16/03,SUNGAI TUA,P098,N16,SELANGOR,GOMBAK,BATU CAVES,3,1984,1965
110/46/07,TELUK GONG UTARA,P110,N46,SELANGOR,KLANG,PELABUHAN KLANG,7,2452,2556
110/48/08,TELUK GADUNG BESAR,P110,N48,SELANGOR,KLANG,KOTA ALAM SHAH,8,1953,1982
110/47/10,TENGKU BENDAHARA AZMAN,P110,N47,SELANGOR,KLANG,PANDAMARAN,10,2973,2971
102/28/04,SERI KEMBANGAN 1,P102,N28,SELANGOR,SERDANG,SERI KEMBANGAN,4,2340,2359
100/21/08,"PANDAN INDAH JALAN 1, 4 DAN 6",P100,N21,SELANGOR,PANDAN,CHEMPAKA,8,5668,5900
097/14/04,RAWANG,P097,N14,SELANGOR,SELAYANG,RAWANG,4,1590,1557
105/33/16,PJS 2C/12,P105,N33,SELANGOR,PETALING JAYA SELATAN,TAMAN MEDAN,16,2066,2036
104/31/16,USJ 9 & USJ 10,P104,N31,SELANGOR,KELANA JAYA,SUBANG JAYA,16,2029,2079
104/31/08,SS 13,P104,N31,SELANGOR,KELANA JAYA,SUBANG JAYA,8,1145,1122
109/45/15,KAMPONG DELEK KIRI,P109,N45,SELANGOR,KAPAR,SELAT KLANG,15,2664,2728
098/18/14,LEMBAH KERAMAT AU 5C,P098,N18,SELANGOR,GOMBAK,HULU KELANG,14,2774,2764
108/40/15,SHAH ALAM S 18 TIMUR,P108,N40,SELANGOR,SHAH ALAM,KOTA ANGGERIK,15,2911,2926
100/21/13,PANDAN JAYA SELATAN,P100,N21,SELANGOR,PANDAN,CHEMPAKA,13,4492,4513
104/32/08,PJS 6/4 - PJS 6/6,P104,N32,SELANGOR,KELANA JAYA,SERI SETIA,8,2677,2893
099/19/08,KAMPUNG BAHARU AMPANG 1,P099,N19,SELANGOR,AMPANG,BUKIT ANTARABANGSA,8,2979,2884
101/25/13,TAMAN DELIMA,P101,N25,SELANGOR,HULU LANGAT,KAJANG,13,1679,1722
105/33/11,PJS 3,P105,N33,SELANGOR,PETALING JAYA SELATAN,TAMAN MEDAN,11,2679,2727
093/04/08,SEKINCHAN TEMPATAN TENGAH,P093,N04,SELANGOR,SUNGAI BESAR,SEKINCHAN,8,2363,2332
111/50/01,SHAH ALAM S 27 A,P111,N50,SELANGOR,KOTA RAJA,SRI MUDA,1,2796,2852
102/28/09,SERI KEMBANGAN 8,P102,N28,SELANGOR,SERDANG,SERI KEMBANGAN,9,906,874
112/52/05,JENJARUM TEMPATAN KETIGA,P112,N52,SELANGOR,KUALA LANGAT,TELUK DATUK,5,3174,3228
112/53/15,SRI PUTRA,P112,N53,SELANGOR,KUALA LANGAT,MORIB,15,4687,4736
097/15/06,SELAYANG BAHARU SATU,P097,N15,SELANGOR,SELAYANG,TAMAN TEMPLER,6,3029,2988
109/43/04,PEKAN KAPAR,P109,N43,SELANGOR,KAPAR,SEMENTA,4,2506,2563
111/50/16,KAMPUNG BUKIT NAGA,P111,N50,SELANGOR,KOTA RAJA,SRI MUDA,16,857,927
104/32/14,PJS 10/17 - PJS 10/34,P104,N32,SELANGOR,KELANA JAYA,SERI SETIA,14,2512,2489
099/19/01,ENGGANG UTARA,P099,N19,SELANGOR,AMPANG,BUKIT ANTARABANGSA,1,2459,2412
107/39/07,SUBANG PERDANA,P107,N39,SELANGOR,SUBANG,KOTA DAMANSARA,7,2273,2344
113/54/01,BUKIT BANGKUNG,P113,N54,SELANGOR,SEPANG,TANJONG SEPAT,1,1948,1934
107/39/05,TAMAN SUBANG BARU,P107,N39,SELANGOR,SUBANG,KOTA DAMANSARA,5,2279,2332
106/35/01,SEKSYEN 21 TIMUR,P106,N35,SELANGOR,PETALING JAYA UTARA,KAMPUNG TUNKU,1,3002,2968
092/01/02,SUNGAI TENGAR UTARA,P092,N01,SELANGOR,SABAK BERNAM,SUNGAI AIR TAWAR,2,654,662
108/41/14,KAMPUNG KUANTAN,P108,N41,SELANGOR,KUALA SELANGOR,BUKIT MELAWATI,5,1436,1420
109/45/03,SUNGAI UDANG UTARA,P109,N45,SELANGOR,KAPAR,SELAT KLANG,3,2115,2149
108/40/07,SHAH ALAM S 6,P108,N40,SELANGOR,SHAH ALAM,KOTA ANGGERIK,7,2440,2436
100/21/02,ANGSANA HILIR,P100,N21,SELANGOR,PANDAN,CHEMPAKA,2,1985,1972
111/49/20,TAMAN MAZNAH,P111,N49,SELANGOR,KOTA RAJA,SERI ANDALAS,20,3771,4073
113/54/05,TANJONG SEPAT TEMPATAN 2,P113,N54,SELANGOR,SEPANG,TANJONG SEPAT,5,1432,1403
094/07/18,TAMAN BUNGA RAYA 2,P094,N07,SELANGOR,HULU SELANGOR,BATANG KALI,18,1334,1346
111/50/03,SRI MUDA 1,P111,N50,SELANGOR,KOTA RAJA,SRI MUDA,3,3594,3593
098/17/11,TAMAN GOMBAK,P098,N17,SELANGOR,GOMBAK,GOMBAK SETIA,11,3208,3257
107/39/10,KAMPUNG BAHARU SUBANG,P107,N39,SELANGOR,SUBANG,KOTA DAMANSARA,10,3164,3146
107/39/09,LTSSAAS SUBANG,P107,N39,SELANGOR,SUBANG,KOTA DAMANSARA,9,3017,2877
105/34/07,JALAN SEMANGAT,P105,N34,SELANGOR,PETALING JAYA SELATAN,BUKIT GASING,7,3309,3229
102/28/19,SUNGAI BESI INDAH,P102,N28,SELANGOR,SERDANG,SERI KEMBANGAN,19,3864,3968
101/23/14,BATU 13 HULU LANGAT,P101,N23,SELANGOR,HULU LANGAT,DUSUN TUA,14,2048,2078
097/15/03,BUKIT IDAMAN,P097,N15,SELANGOR,SELAYANG,TAMAN TEMPLER,3,4555,4678
109/42/08,KAMPUNG BATU BELAH,P109,N42,SELANGOR,KAPAR,MERU,8,4951,5195
113/54/12,KAMPUNG ENDAH,P113,N54,SELANGOR,SEPANG,TANJONG SEPAT,12,1810,1789
109/42/05,KAMPUNG NENAS,P109,N42,SELANGOR,KAPAR,MERU,5,4508,4642
113/55/13,SUNGAI BUAH,P113,N55,SELANGOR,SEPANG,DENGKIL,13,866,879
097/15/12,BANDAR BARU SELAYANG SELATAN,P097,N15,SELANGOR,SELAYANG,TAMAN TEMPLER,12,3562,3713
109/45/06,SUNGAI SIRIH,P109,N45,SELANGOR,KAPAR,SELAT KLANG,6,1633,1631
105/33/01,SEKSYEN 14 UTARA,P105,N33,SELANGOR,PETALING JAYA SELATAN,TAMAN MEDAN,1,2218,2151
102/28/16,TAMAN UNIVERSITI INDAH,P102,N28,SELANGOR,SERDANG,SERI KEMBANGAN,16,4093,4151
103/29/15,BANDAR KINRARA SEKSYEN 2,P103,N29,SELANGOR,PUCHONG,SERI SERDANG,15,1447,1465
096/10/10,TELUK PIAI,P096,N10,SELANGOR,KUALA SELANGOR,BUKIT MELAWATI,10,1424,1454
095/08/10,SAWAH SEMPADAN,P095,N08,SELANGOR,TANJONG KARANG,SUNGAI BURONG,10,1238,1246
103/30/07,USJ 16 HINGGA 22,P103,N30,SELANGOR,PUCHONG,KINRARA,7,3209,3352
110/48/01,TELUK PULAI UTARA,P110,N48,SELANGOR,KLANG,KOTA ALAM SHAH,1,1605,1571
106/36/06,SEKSYEN 19,P106,N36,SELANGOR,PETALING JAYA UTARA,DAMANSARA UTAMA,6,1643,1642
104/32/05,SS 5A,P104,N32,SELANGOR,KELANA JAYA,SERI SETIA,5,2739,2715
100/22/13,PANDAN PERDANA BARAT,P100,N22,SELANGOR,PANDAN,TERATAI,13,3433,3526
100/21/11,LORONG MOLEK KAMPUNG PANDAN,P100,N21,SELANGOR,PANDAN,CHEMPAKA,11,1408,1388
111/49/13,TAMAN SERI ANDALAS 3,P111,N49,SELANGOR,KOTA RAJA,SERI ANDALAS,13,0,3072
112/51/02,SIJANGKANG DALAM UTARA,P112,N51,SELANGOR,KUALA LANGAT,SIJANGKANG,2,2958,2955
110/48/07,TAMAN SELATAN 1,P110,N48,SELANGOR,KLANG,KOTA ALAM SHAH,7,2600,2588
098/18/19,AU3 RUMAH PANGSA,P098,N18,SELANGOR,GOMBAK,HULU KELANG,19,1545,1568
112/53/11,KANCHONG TIMUR,P112,N53,SELANGOR,KUALA LANGAT,MORIB,11,2901,2875
110/46/05,KAWASAN PELABUHAN,P110,N46,SELANGOR,KLANG,PELABUHAN KLANG,5,1419,1436
112/53/05,SUNGAI RABA,P112,N53,SELANGOR,KUALA LANGAT,MORIB,5,1124,1112
109/44/09,JALAN GOH HOCK HUAT,P109,N44,SELANGOR,KAPAR,SUNGAI PINANG,9,1848,1764
096/11/08,TUAN MEE,P096,N11,SELANGOR,KUALA SELANGOR,IJOK,8,1830,1854
098/16/11,BATU CAVES,P098,N16,SELANGOR,GOMBAK,BATU CAVES,11,1044,1011
100/22/15,TAMAN MUDA BARAT,P100,N22,SELANGOR,PANDAN,TERATAI,15,3863,3999
098/16/10,PEKAN BATU CAVES LAMA,P098,N16,SELANGOR,GOMBAK,BATU CAVES,10,1943,1948
098/16/07,SELAYANG BAHARU LIMA,P098,N16,SELANGOR,GOMBAK,BATU CAVES,7,2054,2042
102/28/08,SERI KEMBANGAN 11,P102,N28,SELANGOR,SERDANG,SERI KEMBANGAN,8,1624,1615
098/16/09,TAMAN BATU CAVES,P098,N16,SELANGOR,GOMBAK,BATU CAVES,9,2574,2543
096/12/07,BUKIT KUCHING,P096,N12,SELANGOR,KUALA SELANGOR,JERAM,7,2823,2881
106/36/09,SS 24,P106,N36,SELANGOR,PETALING JAYA UTARA,DAMANSARA UTAMA,9,2296,2290
101/23/13,TAMAN CUEPAC,P101,N23,SELANGOR,HULU LANGAT,DUSUN TUA,13,7000,6949
105/33/18,KAMPUNG MEDAN,P105,N33,SELANGOR,PETALING JAYA SELATAN,TAMAN MEDAN,18,1961,1863
095/08/13,PEKAN TANJONG KARANG,P095,N08,SELANGOR,TANJONG KARANG,SUNGAI BURONG,13,0,1789
107/38/04,BANDAR BARU SUNGAI BULOH UTARA,P107,N38,SELANGOR,SUBANG,PAYA JARAS,4,3194,3192
093/03/04,PARIT 2 - 5 SUNGAI PANJANG,P093,N03,SELANGOR,SUNGAI BESAR,SUNGAI PANJANG,4,924,948
093/03/07,PARIT SATU TIMUR,P093,N03,SELANGOR,SUNGAI BESAR,SUNGAI PANJANG,7,1147,1169
101/23/19,TAMAN RAKAN,P101,N23,SELANGOR,HULU LANGAT,DUSUN TUA,19,985,1026
104/32/13,PJS 8,P104,N32,SELANGOR,KELANA JAYA,SERI SETIA,13,1778,1851
103/29/23,PUCHONG INDAH 2,P103,N29,SELANGOR,PUCHONG,SERI SERDANG,23,1508,1533
095/09/14,PERMATANG,P095,N09,SELANGOR,TANJONG KARANG,PERMATANG,14,1119,1108
104/32/12,PJS 6/1 - PJS 6/3,P104,N32,SELANGOR,KELANA JAYA,SERI SETIA,12,2328,2344
110/47/01,KAMPUNG RAJA UDA TIMUR,P110,N47,SELANGOR,KLANG,PANDAMARAN,1,3493,3489
112/51/01,SIJANGKANG UTARA,P112,N51,SELANGOR,KUALA LANGAT,SIJANGKANG,1,2471,2494
108/41/09,APARTMENT S 24,P108,N41,SELANGOR,SHAH ALAM,BATU TIGA,9,2912,2924
098/18/02,KELANG GATE,P098,N18,SELANGOR,GOMBAK,HULU KELANG,2,1288,1299
093/04/03,SUNGAI LEMAN BENDANG SELATAN,P093,N04,SELANGOR,SUNGAI BESAR,SEKINCHAN,3,313,297
102/28/17,DESA SERDANG,P102,N28,SELANGOR,SERDANG,SERI KEMBANGAN,17,1022,1054
109/45/11,BANDAR PULAU KETAM,P109,N45,SELANGOR,KAPAR,SELAT KLANG,11,2529,2475
093/03/08,SUNGAI LIMAU,P093,N03,SELANGOR,SUNGAI BESAR,SUNGAI PANJANG,8,1302,1294
108/40/11,SHAH ALAM S 10,P108,N40,SELANGOR,SHAH ALAM,KOTA ANGGERIK,11,1368,1366
094/05/13,BANDAR KALUMPANG,P094,N05,SELANGOR,HULU SELANGOR,HULU BERNAM,13,1025,1054
093/03/14,SUNGAI NIBONG,P093,N03,SELANGOR,SUNGAI BESAR,SUNGAI PANJANG,14,1283,1289
101/24/18,BANDAR TEKNOLOGI KAJANG,P101,N24,SELANGOR,HULU LANGAT,SEMENYIH,18,3174,3416
093/04/07,SEKINCHAN TEMPATAN SELATAN,P093,N04,SELANGOR,SUNGAI BESAR,SEKINCHAN,7,2413,2400
094/07/15,BUKIT SENTOSA 6 HINGGA 12,P094,N07,SELANGOR,HULU SELANGOR,BATANG KALI,15,3425,3613
110/47/08,KAMPUNG RAJA UDA BARAT,P110,N47,SELANGOR,KLANG,PANDAMARAN,8,1776,1755
104/32/16,KAMPUNG LINDUNGAN,P104,N32,SELANGOR,KELANA JAYA,SERI SETIA,16,2302,2179
103/29/24,PUCHONG INTAN,P103,N29,SELANGOR,PUCHONG,SERI SERDANG,24,1746,1796
107/39/15,TAMAN GLENMARIE,P107,N39,SELANGOR,SUBANG,KOTA DAMANSARA,15,248,272
102/28/03,SERI KEMBANGAN 2,P102,N28,SELANGOR,SERDANG,SERI KEMBANGAN,3,2509,2446
111/50/15,BUKIT RIMAU,P111,N50,SELANGOR,KOTA RAJA,SRI MUDA,15,1697,1809
104/31/19,USJ 13,P104,N31,SELANGOR,KELANA JAYA,SUBANG JAYA,19,1412,1457
096/12/06,BUKIT KUCHING TENGAH,P096,N12,SELANGOR,KUALA SELANGOR,JERAM,6,735,748
100/21/04,LORONG RAYA KAMPUNG PANDAN,P100,N21,SELANGOR,PANDAN,CHEMPAKA,4,892,875
097/14/03,KAMPUNG RAJAH,P097,N14,SELANGOR,SELAYANG,RAWANG,3,1198,1160
104/31/07,SS 14,P104,N31,SELANGOR,KELANA JAYA,SUBANG JAYA,7,4283,4273
111/50/08,BATU 4 JALAN KEBUN,P111,N50,SELANGOR,KOTA RAJA,SRI MUDA,8,1362,1357
113/55/19,DESA AIR HITAM,P113,N55,SELANGOR,SEPANG,DENGKIL,19,1809,1939
097/15/13,KAMPUNG BENDAHARA,P097,N15,SELANGOR,SELAYANG,TAMAN TEMPLER,13,1390,1479
105/34/09,TAMAN JAYA,P105,N34,SELANGOR,PETALING JAYA SELATAN,BUKIT GASING,9,1229,1192
110/46/10,PANDAMARAN JAYA BARAT,P110,N46,SELANGOR,KLANG,PELABUHAN KLANG,10,3767,3753
112/53/09,KANCHONG,P112,N53,SELANGOR,KUALA LANGAT,MORIB,9,2851,2850
110/46/02,KAMPUNG IDAMAN,P110,N46,SELANGOR,KLANG,PELABUHAN KLANG,2,2779,2763
102/26/04,SUNGAI RAMAL DALAM,P102,N26,SELANGOR,SERDANG,BANGI,4,3037,3187
101/25/08,SUNGAI CHUA SATU,P101,N25,SELANGOR,HULU LANGAT,KAJANG,8,4670,4805
101/24/05,KAMPUNG TANJONG,P101,N24,SELANGOR,HULU LANGAT,SEMENYIH,5,2689,2728
097/14/07,KAMPUNG BAHARU RAWANG,P097,N14,SELANGOR,SELAYANG,RAWANG,7,0,2647
092/01/15,KAMPUNG BAHARU,P092,N01,SELANGOR,SABAK BERNAM,SUNGAI AIR TAWAR,15,856,854
108/41/17,RIMBA JAYA,P108,N41,SELANGOR,SHAH ALAM,BATU TIGA,17,1921,1938
106/35/04,SEKSYEN 22,P106,N35,SELANGOR,PETALING JAYA UTARA,KAMPUNG TUNKU,4,1781,1759
100/21/14,TAMAN BAKTI,P100,N21,SELANGOR,PANDAN,CHEMPAKA,14,1381,1399
102/28/12,SERI KEMBANGAN 7,P102,N28,SELANGOR,SERDANG,SERI KEMBANGAN,12,1725,1682
095/08/06,BATU 9 TANJONG KARANG,P095,N08,SELANGOR,TANJONG KARANG,SUNGAI BURONG,6,1625,1647
094/07/07,SERENDAH,P094,N07,SELANGOR,HULU SELANGOR,BATANG KALI,7,2775,2869
098/17/06,BATU 8 GOMBAK,P098,N17,SELANGOR,GOMBAK,GOMBAK SETIA,6,2554,2644
109/45/02,SUNGAI BERTIH UTARA,P109,N45,SELANGOR,KAPAR,SELAT KLANG,2,3958,3997
110/48/10,TELUK PULAI SELATAN,P110,N48,SELANGOR,KLANG,KOTA ALAM SHAH,10,2257,2278
113/54/08,TANJONG SEPAT TEMPATAN 5,P113,N54,SELANGOR,SEPANG,TANJONG SEPAT,8,609,573
111/49/05,KAMPUNG PANDAN,P111,N49,SELANGOR,KOTA RAJA,SERI ANDALAS,5,870,855
105/33/17,PJS 2D,P105,N33,SELANGOR,PETALING JAYA SELATAN,TAMAN MEDAN,17,1904,1944
112/51/03,SIJANGKANG DALAM SELATAN,P112,N51,SELANGOR,KUALA LANGAT,SIJANGKANG,3,1290,1284
100/22/03,TAMAN KENCHANA,P100,N22,SELANGOR,PANDAN,TERATAI,3,1261,1282
099/20/20,AMPANG CAMPURAN JALAN IKAN JELAWAT,P099,N20,SELANGOR,AMPANG,LEMBAH JAYA,20,2064,2047
102/28/06,SERI KEMBANGAN 5,P102,N28,SELANGOR,SERDANG,SERI KEMBANGAN,6,1405,1385
113/54/02,SUNGAI RAWANG,P113,N54,SELANGOR,SEPANG,TANJONG SEPAT,2,1174,1155
098/17/14,SRI GOMBAK 10,P098,N17,SELANGOR,GOMBAK,GOMBAK SETIA,14,2096,2114
092/02/14,PARIT TIGA & EMPAT,P092,N02,SELANGOR,SABAK BERNAM,SABAK,14,1111,1106
